Depth (m),qc (MPa)
0.02,0.2084
0.04,0.3814
0.06,0.6230
0.08,0.6451
0.1,0.7508
0.12,0.3270
0.14,0.3746
0.16,0.3851
0.18,0.5365
0.2,1.0157
0.22,1.3087
0.24,0.9112
0.26,0.7768
0.28,0.7801
0.3,0.8818
0.32,0.9464
0.34,1.6273
0.36,1.7124
0.38,1.9470
0.4,2.2179
0.42,1.9772
0.44,1.8017
0.46,2.0316
0.48,2.1348
0.5,2.1584
0.52,2.3986
0.54,2.7732
0.56,3.0633
0.58,2.6578
0.6,2.7988
0.62,2.8500
0.64,3.2647
0.66,3.9713
0.68,4.0237
0.7,3.8871
0.72,3.7253
0.74,3.7537
0.76,3.7861
0.78,4.0447
0.8,4.3341
0.82,4.3147
0.84,3.9972
0.86,3.9651
0.88,4.1077
0.9,4.6062
0.92,4.7910
0.94,4.8448
0.96,5.0352
0.98,4.8129
1,4.6916
1.02,4.5469
1.04,4.4612
1.06,4.5113
1.08,4.7260
1.1,5.0944
1.12,5.1823
1.14,5.1993
1.16,5.0953
1.18,4.9889
1.2,4.9184
1.22,4.8663
1.24,4.9373
1.26,5.0615
1.28,5.2131
1.3,5.4071
1.32,5.6432
1.34,5.9109
1.36,6.1228
1.38,6.3427
1.4,6.3813
1.42,6.3371
1.44,6.5625
1.46,6.7511
1.48,6.7566
1.5,6.7587
1.52,6.7598
1.54,6.7948
1.56,6.8502
1.58,6.9131
1.6,6.8526
1.62,6.9778
1.64,7.3344
1.66,7.4710
1.68,7.5066
1.7,7.2879
1.72,7.1189
1.74,7.0688
1.76,6.9066
1.78,6.8279
1.8,6.6868
1.82,6.5991
1.84,6.4137
1.86,6.2997
1.88,6.1382
1.9,6.0873
1.92,6.1941
1.94,6.2370
1.96,6.2537
1.98,6.3076
2,6.3747
2.02,6.5427
2.04,6.7755
2.06,6.7872
2.08,6.8194
2.1,6.8316
2.12,7.4729
2.14,7.5577
2.16,7.9979
2.18,8.1802
2.2,8.1120
2.22,7.8914
2.24,7.8774
2.26,7.6205
2.28,7.4706
2.3,6.8632
2.32,6.7951
2.34,6.7914
2.36,6.8002
2.38,6.8481
2.4,7.0098
2.42,7.1419
2.44,7.3876
2.46,7.5893
2.48,7.6317
2.5,7.5720
2.52,7.5718
2.54,7.6906
2.56,7.9386
2.58,8.1594
2.6,8.3870
2.62,8.4310
2.64,8.7244
2.66,8.2663
2.68,7.9398
2.7,7.7873
2.72,7.8896
2.74,7.9574
2.76,8.4876
2.78,8.5212
2.8,0.0000
2.82,4.7027
2.84,4.9988
2.86,6.7774
2.88,7.4183
2.9,7.6308
2.92,7.6052
2.94,7.9376
2.96,7.9618
2.98,8.0541
3,8.2258
3.02,8.2344
3.04,8.2016
3.06,8.1411
3.08,8.2152
3.1,8.3336
3.12,8.3590
3.14,8.4412
3.16,8.4359
3.18,8.2953
3.2,8.2085
3.22,7.7562
3.24,7.7099
3.26,7.5251
3.28,7.6222
3.3,7.6413
3.32,7.6762
3.34,7.7245
3.36,7.7157
3.38,7.6534
3.4,7.6190
3.42,7.4539
3.44,7.4066
3.46,7.2545
3.48,7.0728
3.5,6.9415
3.52,6.9405
3.54,6.8585
3.56,6.2170
3.58,6.1592
3.6,5.9652
3.62,5.9530
3.64,6.0430
3.66,6.1021
3.68,6.2941
3.7,6.2869
3.72,6.3072
3.74,6.5033
3.76,6.7279
3.78,6.9817
3.8,7.3007
3.82,7.4670
3.84,7.5599
3.86,7.3201
3.88,7.0465
3.9,6.7841
3.92,6.5431
3.94,6.4962
3.96,6.6695
3.98,6.8756
4,7.1169
4.02,7.3888
4.04,7.5381
4.06,7.6503
4.08,8.0301
4.1,8.3924
4.12,9.0010
4.14,9.9830
4.16,10.0628
4.18,10.2808
4.2,10.2448
4.22,9.9775
4.24,10.0003
4.26,10.2866
4.28,10.3271
4.3,9.9055
4.32,9.1432
4.34,9.0329
4.36,8.2418
4.38,7.8587
4.4,7.2793
4.42,6.8387
4.44,6.8649
4.46,7.2795
4.48,7.4067
4.5,8.3593
4.52,8.5054
4.54,9.3664
4.56,9.3818
4.58,9.4198
4.6,9.2630
4.62,9.1675
4.64,9.1869
4.66,9.4290
4.68,9.7154
4.7,9.9750
4.72,10.1098
4.74,9.9227
4.76,9.8812
4.78,9.8146
4.8,9.7013
4.82,9.6824
4.84,9.6651
4.86,9.6063
4.88,9.2860
4.9,8.7826
4.92,8.7386
4.94,8.5795
4.96,8.5780
4.98,8.5985
5,8.7187
5.02,8.7499
5.04,9.4975
5.06,9.5717
5.08,9.6976
5.1,9.6570
5.12,9.8081
5.14,9.9129
5.16,9.9141
5.18,10.1504
5.2,10.1985
5.22,10.3892
5.24,10.8094
5.26,10.8445
5.28,11.0528
5.3,11.2377
5.32,11.4124
5.34,11.4182
5.36,11.4244
5.38,11.2958
5.4,10.9943
5.42,10.9641
5.44,10.6337
5.46,10.4173
5.48,9.3624
5.5,9.0054
5.52,8.1856
5.54,6.9129
5.56,0.0000
5.58,4.0195
5.6,4.2961
5.62,4.7803
5.64,5.6056
5.66,6.8194
5.68,6.9259
5.7,7.2828
5.72,7.3025
5.74,7.1590
5.76,7.0293
5.78,7.0602
5.8,7.1195
5.82,7.0859
5.84,7.0594
5.86,7.1027
5.88,7.1805
5.9,7.2664
5.92,7.2752
5.94,7.1981
5.96,7.1954
5.98,7.5328
6,7.9349
6.02,8.1393
6.04,8.3866
6.06,8.9171
6.08,9.2803
6.1,9.3966
6.12,9.4096
6.14,9.4238
6.16,9.3185
6.18,9.1357
6.2,8.9169
6.22,8.7619
6.24,8.7101
6.26,8.5879
6.28,8.4672
6.3,8.4563
6.32,8.3518
6.34,8.4013
6.36,8.3332
6.38,8.3656
6.4,8.0733
6.42,7.5057
6.44,6.8669
6.46,6.6075
6.48,6.5486
6.5,6.6574
6.52,6.9652
6.54,7.8527
6.56,8.7429
6.58,9.1396
6.6,9.3664
6.62,9.5239
6.64,9.4467
6.66,9.2855
6.68,9.2219
6.7,9.2638
6.72,9.4669
6.74,9.6196
6.76,9.5183
6.78,9.1764
6.8,8.7763
6.82,8.0102
6.84,7.4730
6.86,7.0564
6.88,6.9680
6.9,7.0471
6.92,7.1097
6.94,7.0295
6.96,6.9969
6.98,7.1502
7,7.4648
7.02,7.7940
7.04,8.3010
7.06,8.9918
7.08,9.4990
7.1,9.8241
7.12,9.9350
7.14,10.0144
7.16,10.1520
7.18,10.3982
7.2,10.5195
7.22,10.3208
7.24,10.0208
7.26,9.9421
7.28,9.9309
7.3,9.9361
7.32,9.7332
7.34,9.3903
7.36,8.8927
7.38,8.4482
7.4,7.9423
7.42,7.6238
7.44,7.3105
7.46,6.9601
7.48,6.7144
7.5,6.7315
7.52,6.8994
7.54,6.8378
7.56,6.6876
7.58,6.7765
7.6,7.1104
7.62,7.8489
7.64,8.5619
7.66,8.9849
7.68,9.2654
7.7,9.2400
7.72,9.0189
7.74,9.0325
7.76,9.0960
7.78,9.2299
7.8,9.2145
7.82,9.0402
7.84,8.8645
7.86,8.7805
7.88,8.8386
7.9,8.9326
7.92,9.3328
7.94,9.8692
7.96,10.3005
7.98,10.6138
8,10.7542
8.02,10.7390
8.04,10.6557
8.06,10.4587
8.08,10.0946
8.1,9.6760
8.12,9.4673
8.14,9.5251
8.16,9.8532
8.18,9.9757
8.2,9.7590
8.22,9.3138
8.24,8.8698
8.26,8.4304
8.28,8.1068
8.3,7.9178
8.32,0.0000
8.34,4.9042
8.36,5.4450
8.38,6.4062
8.4,7.3511
8.42,7.6966
8.44,7.7343
8.46,7.8338
8.48,7.8078
8.5,7.9337
8.52,7.9958
8.54,8.3249
8.56,8.4451
8.58,8.7336
8.6,9.0521
8.62,9.1063
8.64,9.4789
8.66,9.5296
8.68,10.2548
8.7,10.5473
8.72,10.9791
8.74,11.4790
8.76,11.5248
8.78,11.6337
8.8,11.7042
8.82,11.7858
8.84,11.7732
8.86,11.5941
8.88,11.1635
8.9,10.3365
8.92,10.2163
8.94,9.6043
8.96,8.5626
8.98,8.2627
9,7.5295
9.02,7.1018
9.04,6.5919
9.06,5.9496
9.08,5.7346
9.1,5.5651
9.12,5.5593
9.14,5.6264
9.16,5.8786
9.18,6.1957
9.2,7.0413
9.22,7.2684
9.24,7.6438
9.26,7.8115
9.28,7.7384
9.3,7.6428
9.32,7.5406
9.34,7.7941
9.36,7.9595
9.38,8.9785
9.4,9.1898
9.42,9.2716
9.44,9.7458
9.46,10.1299
9.48,10.1131
9.5,9.6837
9.52,9.6919
9.54,9.7264
9.56,10.2231
9.58,10.8191
9.6,11.0734
9.62,11.3803
9.64,11.2688
9.66,11.0858
9.68,11.5916
9.7,11.7178
9.72,12.6519
9.74,12.2340
9.76,12.1382
9.78,11.6180
9.8,11.0899
9.82,10.7299
9.84,10.5136
9.86,10.5841
9.88,10.6088
9.9,10.8376
9.92,11.6843
9.94,12.1835
9.96,12.9652
9.98,13.5250
10,13.7843
10.02,13.7287
10.04,13.5752
10.06,13.1500
10.08,12.8300
10.1,12.7452
10.12,12.3188
10.14,11.9201
10.16,12.2165
10.18,12.3006
10.2,12.5396
10.22,12.9911
10.24,13.4050
10.26,13.6646
10.28,14.1188
10.3,14.4378
10.32,14.3559
10.34,13.9590
10.36,13.8753
10.38,13.6255
10.4,12.9617
10.42,13.1885
10.44,13.3103
10.46,14.1927
10.48,14.5829
10.5,14.5760
10.52,14.3378
10.54,13.6539
10.56,12.9976
10.58,12.8134
10.6,12.5954
10.62,12.4958
10.64,12.2527
10.66,11.5097
10.68,11.2976
10.7,11.1986
10.72,11.0481
10.74,10.7705
10.76,10.4897
10.78,10.4355
10.8,10.2132
10.82,9.9907
10.84,9.7173
10.86,9.7448
10.88,9.8596
10.9,10.1755
10.92,10.1847
10.94,10.1913
10.96,10.2304
10.98,10.2589
11,10.2628
11.02,9.8796
11.04,9.8558
11.06,9.8509
11.08,10.4151
11.1,10.4759
11.12,0.0000
11.14,7.1833
11.16,9.1868
11.18,10.6318
11.2,11.8506
11.22,12.1144
11.24,12.1180
11.26,12.0483
11.28,11.9798
11.3,11.7081
11.32,11.3330
11.34,10.8219
11.36,10.4313
11.38,10.3617
11.4,10.4884
11.42,10.6136
11.44,10.4488
11.46,10.1332
11.48,9.9429
11.5,9.6837
11.52,9.2290
11.54,8.8837
11.56,8.6145
11.58,8.3573
11.6,8.3626
11.62,8.4237
11.64,8.5157
11.66,8.7342
11.68,8.8412
11.7,8.9661
11.72,9.0275
11.74,9.1416
11.76,9.1708
11.78,9.3757
11.8,9.6470
11.82,9.9013
11.84,10.1255
11.86,10.1684
11.88,10.1746
11.9,10.1344
11.92,10.0422
11.94,9.9923
11.96,9.8555
11.98,9.8201
12,9.8223
12.02,9.8841
12.04,9.9477
12.06,10.0865
12.08,10.1572
12.1,10.2462
12.12,10.2467
12.14,10.1745
12.16,10.0728
12.18,9.7426
12.2,9.0805
12.22,8.6299
12.24,8.2321
12.26,7.7831
12.28,7.5491
12.3,7.5143
12.32,7.2912
12.34,7.1224
12.36,6.9915
12.38,6.9342
12.4,7.1929
12.42,8.1304
12.44,8.6649
12.46,8.4426
12.48,7.9810
12.5,7.6961
12.52,7.4663
12.54,7.3713
12.56,7.1884
12.58,6.9479
12.6,6.4543
12.62,6.4177
12.64,6.3063
12.66,6.2939
12.68,6.3081
12.7,6.2529
12.72,6.1943
12.74,6.1527
12.76,6.1081
12.78,6.0659
12.8,6.1434
12.82,6.4190
12.84,6.9518
12.86,7.4491
12.88,7.9748
12.9,8.6050
12.92,8.8942
12.94,9.0708
12.96,9.2683
12.98,9.6423
13,9.8720
13.02,9.5891
13.04,9.0573
13.06,8.4801
13.08,8.1737
13.1,7.9470
13.12,7.8804
13.14,7.9753
13.16,8.0406
13.18,8.0136
13.2,7.8647
13.22,7.5618
13.24,6.4885
13.26,6.3985
13.28,6.0277
13.3,5.6875
13.32,5.5191
13.34,5.5814
13.36,5.6022
13.38,5.7019
13.4,5.8099
13.42,5.9402
13.44,5.9957
13.46,6.0404
13.48,6.1841
13.5,6.4129
13.52,6.7764
13.54,7.1386
13.56,7.2774
13.58,7.0954
13.6,6.5593
13.62,6.1533
13.64,5.7892
13.66,5.5988
13.68,5.4835
13.7,5.4424
13.72,5.4907
13.74,5.5490
13.76,5.5901
13.78,5.5933
13.8,5.5487
13.82,5.4785
13.84,5.4452
13.86,5.3717
13.88,0.0000
13.9,4.6597
13.92,5.1865
13.94,5.3367
13.96,5.4825
13.98,5.5214
14,5.4957
14.02,5.5566
14.04,5.6260
14.06,5.7526
14.08,5.8327
14.1,6.0170
14.12,6.2693
14.14,6.5671
14.16,6.7443
14.18,6.9186
14.2,7.0487
14.22,7.1598
14.24,7.5797
14.26,7.6389
14.28,8.1998
14.3,8.2867
14.32,8.6206
14.34,8.8878
14.36,8.8706
14.38,8.6732
14.4,8.5512
14.42,8.4702
14.44,8.4331
14.46,8.5589
14.48,8.7101
14.5,8.7407
14.52,8.7971
14.54,8.6602
14.56,8.3088
14.58,7.3636
14.6,6.7787
14.62,6.2414
14.64,5.7197
14.66,5.5761
14.68,5.5580
14.7,5.4941
14.72,5.4468
14.74,5.5450
14.76,5.4084
14.78,5.3830
14.8,5.2531
14.82,5.2864
14.84,5.4278
14.86,5.9374
14.88,6.1239
14.9,6.5149
14.92,6.9889
14.94,7.1782
14.96,6.7842
14.98,6.3024
15,5.9198
15.02,5.5953
15.04,5.4117
15.06,5.2812
15.08,5.3879
15.1,5.5001
15.12,5.5733
15.14,5.6040
15.16,5.6245
15.18,5.7237
15.2,5.8914
15.22,6.1113
15.24,6.3613
15.26,6.5537
15.28,6.7773
15.3,6.7969
15.32,6.7461
15.34,6.6353
15.36,6.4147
15.38,6.2295
15.4,5.9953
15.42,5.8731
15.44,5.8830
15.46,5.9089
15.48,6.0604
15.5,6.1997
15.52,6.4282
15.54,6.6030
15.56,6.8203
15.58,7.2245
15.6,7.7161
15.62,8.1339
15.64,8.6799
15.66,9.0866
15.68,9.2023
15.7,9.0572
15.72,8.6268
15.74,8.3110
15.76,7.3770
15.78,6.3306
15.8,6.2570
15.82,6.0509
15.84,6.0999
15.86,6.3151
15.88,6.6457
15.9,7.0680
15.92,7.0921
15.94,7.1025
15.96,7.0109
15.98,6.8104
16,6.7800
16.02,6.8561
16.04,6.9976
16.06,7.0452
16.08,7.2415
16.1,7.2891
16.12,7.3445
16.14,7.2330
16.16,7.1650
16.18,7.2626
16.2,7.2785
16.22,7.2704
16.24,7.2645
16.26,7.2432
16.28,7.2358
16.3,7.2718
16.32,7.3647
16.34,7.5742
16.36,7.7012
16.38,8.1621
16.4,8.2209
16.42,8.5751
16.44,9.0743
16.46,10.0189
16.48,10.0702
16.5,10.1249
16.52,10.0242
16.54,9.9898
16.56,9.9327
16.58,9.7724
16.6,9.6176
16.62,9.5799
16.64,9.6050
16.66,0.0000
16.68,8.3103
16.7,8.5648
16.72,9.2340
16.74,10.2823
16.76,10.6422
16.78,10.6707
16.8,10.5608
16.82,10.3730
16.84,10.2270
16.86,10.3355
16.88,10.5268
16.9,10.5605
16.92,10.8765
16.94,11.0107
16.96,11.1206
16.98,10.8717
17,10.6141
17.02,10.5248
17.04,10.4468
17.06,10.3637
17.08,10.5500
17.1,10.5782
17.12,10.7022
17.14,10.7794
17.16,10.8180
17.18,10.8864
17.2,10.8280
17.22,10.7427
17.24,10.6906
17.26,10.6273
17.28,10.5288
17.3,10.3891
17.32,10.3673
17.34,10.3108
17.36,9.8843
17.38,9.4182
17.4,8.7514
17.42,8.4644
17.44,8.5188
17.46,8.9099
17.48,9.6368
17.5,10.1270
17.52,10.2549
17.54,9.9645
17.56,8.8638
17.58,8.7343
17.6,8.3434
17.62,7.4497
17.64,7.3937
17.66,7.1771
17.68,7.1568
17.7,6.9322
17.72,6.9265
17.74,6.9614
17.76,7.0372
17.78,7.0955
17.8,7.7602
17.82,7.8680
17.84,8.2878
17.86,9.1301
17.88,9.1782
17.9,9.5796
17.92,10.0285
17.94,10.5622
17.96,11.2968
17.98,11.9721
18,12.7040
18.02,13.2113
18.04,13.1540
18.06,12.7458
18.08,12.3066
18.1,12.1700
18.12,11.9714
18.14,11.5473
18.16,10.5966
18.18,10.5590
18.2,11.0487
18.22,11.1620
18.24,11.7763
18.26,12.1526
18.28,12.1475
18.3,12.0495
18.32,11.5847
18.34,11.5176
18.36,11.1054
18.38,10.3429
18.4,10.2751
18.42,9.9675
18.44,10.2215
18.46,11.0393
18.48,11.3130
18.5,12.2228
18.52,12.2679
18.54,12.2898
18.56,12.0283
18.58,11.7803
18.6,11.4902
18.62,11.0702
18.64,10.6440
18.66,10.5671
18.68,10.2578
18.7,9.9229
18.72,9.7022
18.74,9.8373
18.76,9.7930
18.78,9.5370
18.8,9.2252
18.82,8.9959
18.84,8.9856
18.86,8.9555
18.88,8.8535
18.9,8.6325
18.92,7.8361
18.94,7.7409
18.96,7.3524
18.98,7.3258
19,7.1704
19.02,7.1702
19.04,7.1194
19.06,6.6476
19.08,6.2871
19.1,5.8592
19.12,5.7033
19.14,5.7586
19.16,5.9710
19.18,6.3987
19.2,6.4678
19.22,7.1229
19.24,7.2046
19.26,7.5572
19.28,7.5787
19.3,7.4697
19.32,7.2760
19.34,7.2778
19.36,7.4053
19.38,7.6163
19.4,7.8352
19.42,0.0000
19.44,6.4609
19.46,6.8230
19.48,7.2359
19.5,7.7414
19.52,8.4608
19.54,8.5234
19.56,8.7954
19.58,8.9555
19.6,9.1338
19.62,9.3372
19.64,9.8071
19.66,10.2155
19.68,10.2741
19.7,10.5721
19.72,10.9364
19.74,11.2270
19.76,11.4396
19.78,11.4551
19.8,11.3197
19.82,10.8829
19.84,10.8615
19.86,10.7310
19.88,10.5983
19.9,10.6123
19.92,11.0082
19.94,11.4495
19.96,11.5945
19.98,11.4135
20,11.4020
20.02,11.4240
20.04,11.4829
20.06,11.4271
20.08,11.1553
20.1,10.4572
20.12,10.3761
20.14,10.0914
20.16,9.3700
20.18,9.2938
20.2,9.0058
20.22,8.9984
20.24,9.4582
20.26,10.3336
20.28,10.3791
20.3,10.3569
20.32,10.2045
20.34,9.4043
20.36,9.2183
20.38,8.8936
20.4,8.6450
20.42,8.4810
20.44,8.3899
20.46,8.4506
20.48,8.5580
20.5,8.6905
20.52,8.6635
20.54,8.6621
20.56,8.7786
20.58,8.9175
20.6,9.0932
20.62,9.3475
20.64,9.4518
20.66,9.4347
20.68,9.2438
20.7,8.7483
20.72,8.1823
20.74,7.7179
20.76,7.5984
20.78,8.2779
20.8,8.5616
20.82,9.0338
20.84,9.0511
20.86,9.2426
20.88,9.7093
20.9,10.4032
20.92,10.8971
20.94,10.9118
20.96,11.2653
20.98,11.4759
21,11.9260
21.02,12.4117
21.04,12.4475
21.06,12.4645
21.08,12.4940
21.1,12.5586
21.12,12.6736
21.14,12.7836
21.16,12.6881
21.18,12.5591
21.2,12.4564
21.22,11.7846
21.24,11.6481
21.26,10.9791
21.28,9.9583
21.3,8.2856
21.32,7.8215
21.34,6.8869
21.36,6.3415
21.38,6.3199
21.4,6.4549
21.42,7.2703
21.44,7.5634
21.46,8.2842
21.48,9.1035
21.5,9.6969
21.52,9.9133
21.54,9.8109
21.56,9.3902
21.58,8.9495
21.6,8.7960
21.62,8.7125
21.64,8.6916
21.66,8.6459
21.68,8.4579
21.7,8.2954
21.72,8.3403
21.74,9.0620
21.76,9.1923
21.78,9.6463
21.8,10.3703
21.82,10.7631
21.84,11.0655
21.86,11.3783
21.88,11.5870
21.9,11.7124
21.92,11.7574
21.94,11.9366
21.96,11.9367
21.98,11.9548
22,11.7424
22.02,11.4715
22.04,10.8614
22.06,10.3895
22.08,9.4139
22.1,8.4540
22.12,7.3936
22.14,7.2154
22.16,6.4759
22.18,6.4485
22.2,0.0000
22.22,4.6718
22.24,4.6644
22.26,4.6933
22.28,5.2471
22.3,6.8796
22.32,7.0774
22.34,7.8291
22.36,8.5112
22.38,8.5708
22.4,8.3538
22.42,7.8924
22.44,7.3440
22.46,6.9994
22.48,6.5322
22.5,6.4732
22.52,6.5306
22.54,6.9047
22.56,7.8766
22.58,8.8115
22.6,9.9917
22.62,9.9362
22.64,9.7996
22.66,9.7604
22.68,9.9357
22.7,10.2923
22.72,10.4713
22.74,10.0602
22.76,8.8846
22.78,8.8024
22.8,8.5569
22.82,8.4814
22.84,8.5011
22.86,8.5491
22.88,8.4456
22.9,8.0467
22.92,7.9559
22.94,7.8492
22.96,7.9886
22.98,8.4869
23,8.4112
23.02,8.2628
23.04,7.5976
23.06,7.0430
23.08,6.5712
23.1,6.6089
23.12,7.0184
23.14,7.4477
23.16,7.8493
23.18,8.2347
23.2,8.3627
23.22,8.6776
23.24,9.2234
23.26,10.2087
23.28,11.1590
23.3,11.6330
23.32,11.4866
23.34,11.4409
23.36,11.0476
23.38,10.3950
23.4,9.8389
23.42,9.0745
23.44,7.7743
23.46,7.6115
23.48,6.8419
23.5,6.4132
23.52,6.4839
23.54,6.6531
23.56,7.0049
23.58,7.2391
23.6,7.4408
23.62,7.6840
23.64,7.7010
23.66,7.6232
23.68,7.6763
23.7,7.9198
23.72,8.2597
23.74,8.6191
23.76,8.6635
23.78,8.9144
23.8,9.2360
23.82,9.9654
23.84,10.0734
23.86,10.4911
23.88,11.0708
23.9,11.0265
23.92,10.3701
23.94,10.2887
23.96,9.4202
23.98,9.3443
24,9.1718
24.02,8.8658
24.04,8.1217
24.06,7.1421
24.08,7.0378
24.1,7.1243
24.12,8.3754
24.14,9.9396
24.16,10.0238
24.18,10.0593
24.2,9.6954
24.22,9.2091
24.24,9.3483
24.26,10.7416
24.28,10.6762
24.3,10.5996
24.32,10.1809
24.34,9.5260
24.36,8.8859
24.38,9.0805
24.4,9.4099
24.42,10.1446
24.44,11.0919
24.46,11.7419
24.48,12.8964
24.5,13.6037
24.52,13.7179
24.54,14.3451
24.56,14.4367
24.58,14.4664
24.6,14.3110
24.62,13.5135
24.64,12.5061
24.66,11.5496
24.68,10.8043
24.7,10.5893
24.72,10.4483
24.74,10.4148
24.76,10.0887
24.78,9.2553
24.8,8.7076
24.82,8.0448
24.84,7.6876
24.86,7.8662
24.88,8.5194
24.9,8.9430
24.92,9.1563
24.94,9.4139
24.96,9.8351
24.98,0.0000
25,7.1848
25.02,7.6248
25.04,7.5405
25.06,7.2847
25.08,7.1664
25.1,7.3823
25.12,8.0540
25.14,8.3796
25.16,9.0786
25.18,9.1396
25.2,9.4390
25.22,9.4158
25.24,9.5761
25.26,9.5941
25.28,9.6295
25.3,9.5590
25.32,9.5544
25.34,9.8044
25.36,10.5882
25.38,10.2755
25.4,9.3900
25.42,8.5909
25.44,7.8942
25.46,7.7701
25.48,7.5917
25.5,7.9851
25.52,8.1852
25.54,7.9623
25.56,7.9443
25.58,8.3321
25.6,8.7889
25.62,8.7397
25.64,8.4540
25.66,8.0041
25.68,8.5131
25.7,8.6589
25.72,9.5449
25.74,10.2000
25.76,10.6530
25.78,11.2916
25.8,11.2736
25.82,11.0828
25.84,10.5728
25.86,9.6158
25.88,9.9395
25.9,10.0531
25.92,11.2535
25.94,11.5732
25.96,11.8123
25.98,12.0731
26,11.7527
26.02,10.7661
26.04,9.8851
26.06,8.7874
26.08,8.4789
26.1,8.5350
26.12,9.3850
26.14,9.5592
26.16,10.7675
26.18,11.5482
26.2,12.7550
26.22,12.7917
26.24,12.4908
26.26,12.3789
26.28,11.8425
26.3,11.3790
26.32,11.2855
26.34,11.4103
26.36,11.4332
26.38,10.5433
26.4,10.3485
26.42,9.8458
26.44,10.1535
26.46,10.6941
26.48,12.2907
26.5,13.5128
26.52,14.1034
26.54,14.1558
26.56,14.1487
26.58,14.0795
26.6,13.9050
26.62,13.3255
26.64,12.2373
26.66,12.1710
26.68,11.9742
26.7,11.8867
26.72,11.9459
26.74,11.9894
26.76,12.1695
26.78,12.5717
26.8,12.8143
26.82,13.1528
26.84,12.7001
26.86,12.5648
26.88,12.1724
26.9,11.0452
26.92,10.0493
26.94,9.9659
26.96,10.2475
26.98,11.0059
27,11.8235
27.02,13.0092
27.04,13.1073
27.06,12.5111
27.08,11.5386
27.1,11.4186
27.12,11.0517
27.14,10.7258
27.16,10.6019
27.18,11.4388
27.2,11.5135
27.22,12.0168
27.24,12.3267
27.26,12.4479
27.28,12.5466
27.3,12.6248
27.32,12.7589
27.34,12.7009
27.36,13.0669
27.38,13.0714
27.4,13.2200
27.42,13.3471
27.44,13.3526
27.46,13.3608
27.48,13.1730
27.5,13.1443
27.52,13.1044
27.54,12.9590
27.56,12.9242
27.58,13.0378
27.6,13.1749
27.62,13.3971
27.64,13.6262
27.66,13.7907
27.68,13.9543
27.7,13.8979
27.72,13.8851
27.74,13.8046
27.76,13.7189
27.78,0.0000
27.8,9.6171
27.82,10.4826
27.84,11.1321
27.86,11.2954
27.88,11.3754
27.9,11.4665
27.92,12.2125
27.94,13.0164
27.96,13.1966
27.98,13.0770
28,12.4583
28.02,11.9300
28.04,11.8673
28.06,11.6890
28.08,11.4477
28.1,11.1560
28.12,11.0100
28.14,10.6488
28.16,10.3133
28.18,10.0822
28.2,9.9291
28.22,9.9344
28.24,9.9190
28.26,9.9285
28.28,9.9383
28.3,9.9466
28.32,10.0041
28.34,10.0030
28.36,10.0284
28.38,10.3283
28.4,10.5925
28.42,11.2279
28.44,11.2798
28.46,11.5420
28.48,11.7161
28.5,12.3127
28.52,12.5447
28.54,13.1012
28.56,13.1814
28.58,13.4906
28.6,13.5099
28.62,12.6840
28.64,12.5308
28.66,11.7429
28.68,11.4805
28.7,11.3673
28.72,11.7813
28.74,11.8594
28.76,11.9091
28.78,12.0533
28.8,12.1761
28.82,12.3069
28.84,12.5229
28.86,12.6921
28.88,12.7091
28.9,12.7055
28.92,12.6129
28.94,12.5509
28.96,12.6864
28.98,12.9837
29,13.0750
29.02,12.6499
29.04,10.2514
29.06,9.0026
29.08,8.1463
29.1,6.5539
29.12,5.1074
29.14,5.1337
29.16,6.0360
29.18,7.3430
29.2,7.8136
29.22,8.1212
29.24,8.4009
29.26,7.8576
29.28,7.5074
29.3,7.3816
29.32,7.3138
29.34,7.3769
29.36,7.6391
29.38,8.3430
29.4,8.3967
29.42,8.3736
29.44,7.9155
29.46,7.8421
29.48,8.0780
29.5,8.2404
29.52,8.9673
29.54,9.4513
29.56,9.8430
29.58,9.8818
29.6,9.5190
29.62,9.3464
29.64,7.4785
29.66,7.2926
29.68,6.6588
29.7,6.5122
29.72,6.3112
29.74,5.7564
29.76,5.2487
29.78,5.4107
29.8,5.4055
29.82,5.3366
29.84,4.9688
29.86,5.5659
29.88,6.7150
29.9,7.7979
29.92,8.9965
29.94,9.1176
29.96,9.4855
29.98,10.6804
30,11.4107
30.02,12.6536
30.04,13.7722
30.06,13.8553
30.08,14.1850
30.1,14.1716
30.12,14.0453
30.14,13.6974
30.16,13.1590
30.18,12.4479
30.2,12.1195
30.22,11.9659
30.24,12.0009
30.26,12.1248
30.28,12.1853
30.3,12.3555
30.32,12.4153
30.34,12.4056
30.36,12.2510
30.38,11.6110
30.4,10.7842
30.42,10.4128
30.44,9.5759
30.46,9.4950
30.48,8.9127
30.5,8.8698
30.52,9.0445
30.54,0.0000
30.56,3.9274
30.58,5.6965
30.6,5.9938
30.62,7.0387
30.64,8.0216
30.66,8.2309
30.68,8.2424
30.7,7.7170
30.72,6.8813
30.74,6.7685
30.76,6.5113
30.78,6.5416
30.8,6.4657
30.82,6.2959
30.84,5.4456
30.86,6.3531
30.88,7.0745
30.9,8.2843
30.92,9.3206
30.94,9.7399
30.96,9.8787
30.98,10.6016
31,12.4548
31.02,12.5574
31.04,12.7637
31.06,12.8408
31.08,12.6385
31.1,12.6645
31.12,12.7922
31.14,13.0797
31.16,13.2288
31.18,12.9198
31.2,12.4588
31.22,11.7750
31.24,11.1698
31.26,10.7838
31.28,10.2965
31.3,9.9193
31.32,9.8866
31.34,10.0776
31.36,10.5254
31.38,10.9277
31.4,11.5044
31.42,11.8419
31.44,11.7674
31.46,11.4761
31.48,10.9096
31.5,10.0974
31.52,9.0176
31.54,7.9660
31.56,6.7654
31.58,5.6411
31.6,3.7388
31.62,3.3504
31.64,2.8241
31.66,2.3757
31.68,2.1624
31.7,1.8805
31.72,2.1926
31.74,3.8825
31.76,5.8654
31.78,5.9079
31.8,6.4555
31.82,8.8374
31.84,10.1120
31.86,10.3227
31.88,10.8784
31.9,10.6563
31.92,10.6984
31.94,10.5164
31.96,10.3639
31.98,10.5106
32,10.8555
32.02,11.1343
32.04,11.0759
32.06,10.3152
32.08,10.1398
32.1,10.0950
32.12,10.3170
32.14,10.7569
32.16,11.6394
32.18,12.1306
32.2,12.2939
32.22,11.9504
32.24,11.1361
32.26,10.4735
32.28,10.7495
32.3,10.9696
32.32,11.8558
32.34,13.6757
32.36,14.5216
32.38,14.5387
32.4,14.1548
32.42,14.0021
32.44,14.2745
32.46,14.2529
32.48,14.0000
32.5,13.3083
32.52,12.7043
32.54,12.7510
32.56,12.8002
32.58,12.8028
32.6,12.6542
32.62,12.1988
32.64,11.7952
32.66,11.3177
32.68,11.3307
32.7,11.5189
32.72,12.0346
32.74,12.7093
32.76,13.2652
32.78,13.9635
32.8,14.6227
32.82,14.6228
32.84,14.6257
32.86,14.5516
32.88,14.4927
32.9,14.4079
32.92,13.9834
32.94,13.8081
32.96,13.1611
32.98,12.6283
33,12.5760
33.02,13.4674
33.04,13.5466
33.06,13.9146
33.08,14.2428
33.1,14.5337
33.12,15.1217
33.14,15.4861
33.16,15.5538
33.18,15.1363
33.2,14.4717
33.22,13.9522
33.24,13.5294
33.26,13.0211
33.28,12.9384
33.3,12.6395
33.32,12.4546
33.34,11.9830
33.36,11.5052
33.38,11.5173
33.4,0.0000
33.42,6.7680
33.44,7.1968
33.46,7.3646
33.48,7.9599
33.5,10.8116
33.52,12.9334
33.54,13.3131
33.56,13.7555
33.58,14.1834
33.6,14.2091
33.62,14.5852
33.64,14.6423
33.66,15.5131
33.68,15.5861
33.7,15.5939
33.72,15.3554
33.74,14.3393
33.76,14.1202
33.78,13.4244
33.8,12.7857
33.82,12.3980
33.84,12.4811
33.86,12.6058
33.88,13.0139
33.9,13.1585
33.92,13.2978
33.94,14.5420
33.96,15.3925
33.98,15.5619
34,16.5722
34.02,16.5629
34.04,16.3231
34.06,16.1103
34.08,15.6714
34.1,14.0625
34.12,13.5932
34.14,12.3689
34.16,11.2084
34.18,10.4338
34.2,10.0334
34.22,10.1706
34.24,10.5765
34.26,12.0773
34.28,13.0402
34.3,14.0124
34.32,13.6718
34.34,13.5381
34.36,12.4903
34.38,12.0043
34.4,11.2422
34.42,11.0995
34.44,11.5414
34.46,11.8935
34.48,12.6042
34.5,12.8911
34.52,12.7422
34.54,12.7526
34.56,13.7207
34.58,14.5096
34.6,14.9073
34.62,14.2097
34.64,13.4429
34.66,11.6641
34.68,11.5542
34.7,11.1152
34.72,10.0379
34.74,8.9206
34.76,8.3782
34.78,10.6861
34.8,11.1527
34.82,13.4915
34.84,13.9034
34.86,14.8988
34.88,15.2570
34.9,15.3842
34.92,16.3048
34.94,16.4782
34.96,16.7192
34.98,16.4126
35,16.2555
35.02,15.1770
35.04,14.9386
35.06,13.1209
35.08,10.3350
35.1,8.3951
35.12,8.0211
35.14,8.7256
35.16,10.2080
35.18,12.0134
35.2,13.1687
35.22,13.2907
35.24,13.1499
35.26,12.6653
35.28,12.2344
35.3,11.8997
35.32,12.0336
35.34,12.3520
35.36,12.4445
35.38,12.4738
35.4,13.1928
35.42,13.8687
35.44,15.1675
35.46,17.0453
35.48,17.1120
35.5,16.2977
35.52,16.2326
35.54,16.0452
35.56,16.1963
35.58,16.2680
35.6,16.4092
35.62,16.6648
35.64,16.8708
35.66,16.8781
35.68,16.9769
35.7,16.7920
35.72,16.6986
35.74,15.8251
35.76,14.9743
35.78,14.7689
35.8,13.6056
35.82,12.0543
35.84,10.3163
35.86,7.3558
35.88,7.1701
35.9,9.5642
35.92,11.4521
35.94,11.1795
35.96,11.0860
35.98,11.1712
36,11.4733
36.02,12.4474
36.04,12.5986
36.06,14.4308
36.08,14.6582
36.1,15.3669
36.12,15.3968
36.14,14.5944
36.16,13.1909
36.18,11.2440
36.2,0.0000
36.22,6.0109
36.24,7.7888
36.26,9.8522
36.28,11.0510
36.3,11.6726
36.32,12.2510
36.34,12.8807
36.36,13.6713
36.38,13.9377
36.4,13.8947
36.42,13.5380
36.44,12.9916
36.46,12.1805
36.48,11.7987
36.5,11.8751
36.52,14.5610
36.54,14.7628
36.56,15.0900
36.58,15.5075
36.6,15.6691
36.62,15.4112
36.64,13.7342
36.66,13.5954
36.68,13.0143
36.7,11.6778
36.72,11.7537
36.74,12.7968
36.76,14.6563
36.78,15.3465
36.8,16.2463
36.82,16.3349
36.84,16.1811
36.86,15.6832
36.88,14.9453
36.9,13.0992
36.92,10.8465
36.94,10.7773
36.96,12.5778
36.98,12.7848
37,11.7493
37.02,10.3180
37.04,9.6080
37.06,10.3044
37.08,11.9258
37.1,13.1883
37.12,14.1478
37.14,14.2900
37.16,14.3532
37.18,14.6855
37.2,14.7515
37.22,16.4634
37.24,16.7487
37.26,18.4713
37.28,18.9719
37.3,19.0186
37.32,18.7127
37.34,18.0081
37.36,16.7150
37.38,15.8381
37.4,15.9542
37.42,15.6487
37.44,14.1674
37.46,12.4122
37.48,9.5503
37.5,7.8645
37.52,6.5620
37.54,5.8606
37.56,5.8654
37.58,6.7639
37.6,7.7706
37.62,7.7291
37.64,7.6454
37.66,8.2947
37.68,9.5157
37.7,11.7081
37.72,13.1728
37.74,14.6396
37.76,14.9307
37.78,14.5241
37.8,13.5786
37.82,12.2896
37.84,11.2516
37.86,10.3256
37.88,10.2779
37.9,10.1459
37.92,9.7735
37.94,8.4439
37.96,6.8516
37.98,5.8985
38,4.1286
38.02,4.0762
38.04,3.9959
38.06,3.9485
38.08,3.3575
38.1,2.9316
38.12,2.8801
38.14,2.6061
38.16,2.5198
38.18,2.5531
38.2,2.6523
38.22,2.5293
38.24,2.4997
38.26,2.5288
38.28,2.6244
38.3,3.0615
38.32,3.7155
38.34,4.6547
38.36,4.6327
38.38,3.9649
38.4,3.8006
38.42,4.1501
38.44,4.3282
38.46,4.0565
38.48,3.7828
38.5,3.3243
38.52,2.8324
38.54,2.4315
38.56,2.4759
38.58,2.6844
38.6,3.3111
38.62,5.0225
38.64,6.6649
38.66,7.6789
38.68,7.3542
38.7,6.7725
38.72,6.2739
38.74,6.4687
38.76,6.1475
38.78,5.2084
38.8,4.3499
38.82,3.3578
38.84,3.8922
38.86,4.1750
38.88,4.1166
38.9,4.1472
38.92,4.1544
38.94,4.3864
38.96,4.2600
38.98,3.9731
39,3.4652
39.02,3.0778
39.04,0.0000
39.06,2.0428
39.08,2.2827
39.1,2.9085
39.12,2.9290
39.14,2.8789
39.16,2.4683
39.18,1.9838
39.2,1.7947
39.22,1.7279
39.24,1.7897
39.26,1.8477
39.28,1.9821
39.3,2.2809
39.32,2.4959
39.34,3.0570
39.36,4.1005
39.38,4.5345
39.4,4.3321
39.42,3.8112
39.44,3.4170
39.46,3.7097
39.48,3.9970
39.5,4.3709
39.52,4.2610
39.54,4.1708
39.56,4.9178
39.58,5.9286
39.6,6.7188
39.62,6.9720
39.64,7.5575
39.66,7.6390
39.68,8.1558
39.7,9.0051
39.72,9.9024
39.74,9.8596
39.76,9.4494
39.78,8.4369
39.8,6.8818
39.82,6.4365
39.84,5.3419
39.86,4.1685
39.88,3.7144
39.9,3.8929
39.92,4.1502
39.94,4.5853
39.96,5.6569
39.98,6.9070
40,7.4036
40.02,7.7636
40.04,7.7485
40.06,8.2513
40.08,8.4283
40.1,9.6313
40.12,9.8305
40.14,9.8270
40.16,9.5325
40.18,9.2579
40.2,9.0510
40.22,9.7185
40.24,11.2017
40.26,12.2165
40.28,12.6187
40.3,12.5992
40.32,12.5881
40.34,12.3493
40.36,11.7330
40.38,11.5569
40.4,11.0638
40.42,10.5923
40.44,10.2596
40.46,9.7493
40.48,9.2845
40.5,8.4994
40.52,6.5230
40.54,5.4348
40.56,4.2996
40.58,3.5985
40.6,3.7391
40.62,5.3759
40.64,9.6506
40.66,10.9392
40.68,9.9477
40.7,8.4849
40.72,8.5240
40.74,9.6191
40.76,10.8433
40.78,11.8144
40.8,13.1861
40.82,13.2980
40.84,13.5283
40.86,14.4803
40.88,14.6812
40.9,14.8395
40.92,14.9191
40.94,14.7834
40.96,14.6223
40.98,14.6419
41,14.5495
41.02,13.6963
41.04,13.5623
41.06,12.8879
41.08,12.3842
41.1,12.0811
41.12,10.1882
41.14,9.7207
41.16,7.0227
41.18,8.4267
41.2,11.5713
41.22,12.2218
41.24,11.1762
41.26,10.8377
41.28,6.6311
41.3,6.3025
41.32,5.2726
41.34,6.1195
41.36,7.3849
41.38,7.5608
41.4,8.3430
41.42,9.0406
41.44,9.1818
41.46,9.6023
41.48,9.1878
41.5,9.2605
41.52,9.7067
41.54,9.9482
41.56,8.0073
41.58,6.9431
41.6,7.9043
41.62,9.2492
41.64,10.4233
41.66,12.4360
41.68,14.7818
41.7,16.0276
41.72,16.8173
41.74,17.2472
41.76,17.0497
41.78,16.2006
41.8,16.0085
41.82,15.3544
41.84,14.2411
41.86,12.0035
41.88,0.0000
41.9,4.9211
41.92,6.1350
41.94,6.7915
41.96,8.4142
41.98,10.0309
42,11.8942
42.02,13.1329
42.04,13.6628
42.06,13.6251
42.08,13.2780
42.1,13.0541
42.12,12.9188
42.14,12.7990
42.16,12.7792
42.18,12.7560
42.2,12.8399
42.22,12.6785
42.24,12.1853
42.26,10.9461
42.28,8.8259
42.3,7.3204
42.32,6.2721
42.34,5.4394
42.36,5.4606
42.38,6.2155
42.4,7.8910
42.42,8.8236
42.44,9.1671
42.46,9.7729
42.48,10.2102
42.5,10.5907
42.52,10.7582
42.54,10.9424
42.56,11.4142
42.58,11.2561
42.6,10.4113
42.62,9.5392
42.64,9.1439
42.66,8.6585
42.68,8.5236
42.7,8.4420
42.72,8.2756
42.74,8.2167
42.76,8.5513
42.78,10.1024
42.8,12.7067
42.82,14.7434
42.84,16.3403
42.86,16.4869
42.88,16.4681
42.9,16.2792
42.92,16.2516
42.94,16.2427
42.96,15.9928
42.98,15.1517
43,14.4862
43.02,13.6537
43.04,13.4096
43.06,12.8542
43.08,7.6126
43.1,7.1451
43.12,5.7304
43.14,4.5450
43.16,4.6616
43.18,5.8081
43.2,6.6423
43.22,7.0570
43.24,6.6261
43.26,6.4837
43.28,5.8061
43.3,4.6826
43.32,3.5166
43.34,2.8777
43.36,2.6412
43.38,2.6515
43.4,2.6585
43.42,2.6282
43.44,2.7115
43.46,2.7603
43.48,3.1293
43.5,3.4021
43.52,3.5794
43.54,4.0792
43.56,5.5549
43.58,7.6534
43.6,7.0817
43.62,5.5848
43.64,4.3925
43.66,3.8198
43.68,3.5923
43.7,3.5616
43.72,3.6635
43.74,3.7406
43.76,3.6083
43.78,3.3924
43.8,3.3494
43.82,3.6900
43.84,4.1126
43.86,4.0089
43.88,3.9510
43.9,4.3638
43.92,4.8042
43.94,4.4006
43.96,3.7754
43.98,3.3340
44,3.1094
44.02,3.1226
44.04,2.9633
44.06,2.8577
44.08,2.8381
44.1,3.3102
44.12,4.0412
44.14,4.2177
44.16,4.1156
44.18,3.8143
44.2,4.3535
44.22,6.7763
44.24,10.0234
44.26,11.4943
44.28,11.9423
44.3,10.8257
44.32,8.4021
44.34,7.2599
44.36,6.8952
44.38,5.6354
44.4,4.9715
44.42,4.6392
44.44,4.2004
44.46,3.8026
44.48,3.2566
44.5,3.0577
44.52,3.4178
44.54,3.6396
44.56,3.5920
44.58,3.3360
44.6,3.1083
44.62,3.0587
44.64,2.9809
44.66,3.0854
44.68,3.3292
44.7,3.5519
44.72,0.0000
44.74,1.6686
44.76,1.5798
44.78,1.5958
44.8,2.6353
44.82,2.8199
44.84,2.4535
44.86,1.7505
44.88,1.9849
44.9,2.3940
44.92,2.4884
44.94,2.3849
44.96,2.1886
44.98,2.6855
45,6.9164
45.02,9.9590
45.04,10.4073
45.06,11.5551
45.08,12.5069
45.1,12.9245
45.12,13.1180
45.14,13.6365
45.16,14.6407
45.18,15.6969
45.2,15.7690
45.22,15.4297
45.24,15.1170
45.26,14.8477
45.28,14.8545
45.3,14.8775
45.32,15.0865
45.34,14.7430
45.36,13.7851
45.38,13.7241
45.4,13.5970
45.42,13.5254
45.44,13.5206
45.46,12.0427
45.48,11.6503
45.5,11.7839
45.52,12.1052
45.54,12.3891
45.56,12.5929
45.58,13.1883
45.6,14.2024
45.62,14.2752
45.64,14.3013
45.66,14.0794
45.68,14.7891
45.7,14.9579
45.72,15.4690
45.74,15.5922
45.76,15.1291
45.78,14.5901
45.8,14.6244
45.82,14.7006
45.84,14.6617
45.86,14.4717
45.88,14.3959
45.9,14.3015
45.92,14.3020
45.94,14.0899
45.96,13.8668
45.98,13.7452
46,13.4361
46.02,13.0562
46.04,12.3825
46.06,12.2220
46.08,11.7538
46.1,12.0044
46.12,12.3489
46.14,12.6573
46.16,12.7740
46.18,13.0718
46.2,12.2091
46.22,11.1704
46.24,9.9292
46.26,8.2962
46.28,7.5121
46.3,7.0034
46.32,6.4685
46.34,6.2675
46.36,5.8291
46.38,5.7674
46.4,5.5937
46.42,5.2464
46.44,4.7788
46.46,4.2879
46.48,3.6277
46.5,3.9688
46.52,3.9081
46.54,3.6875
46.56,3.3909
46.58,2.7524
46.6,2.7057
46.62,2.8438
46.64,3.6254
46.66,4.0671
46.68,4.8430
46.7,4.9532
46.72,5.9073
46.74,6.8938
46.76,8.3009
46.78,8.3789
46.8,9.0365
46.82,9.2512
46.84,9.8927
46.86,10.0476
46.88,10.7989
46.9,11.5300
46.92,12.6536
46.94,12.9333
46.96,12.8162
46.98,12.5987
47,11.7882
47.02,10.2584
47.04,10.0420
47.06,9.6349
47.08,9.9765
47.1,10.4898
47.12,10.5709
47.14,10.8084
47.16,11.6623
47.18,12.6987
47.2,13.2466
47.22,13.6165
47.24,13.3973
47.26,14.0370
47.28,14.1370
47.3,14.7841
47.32,15.0961
47.34,15.1061
47.36,14.9635
47.38,14.3387
47.4,14.3328
47.42,14.1157
47.44,14.1175
47.46,14.2593
47.48,13.8433
47.5,12.9582
47.52,0.0000
47.54,4.4707
47.56,5.8397
47.58,6.9053
47.6,9.4879
47.62,9.7968
47.64,10.9780
47.66,11.9784
47.68,12.4795
47.7,12.5347
47.72,12.8993
47.74,13.1117
47.76,13.1917
47.78,13.2271
47.8,13.1157
47.82,12.7479
47.84,12.7583
47.86,13.4843
47.88,13.7974
47.9,13.8712
47.92,13.3274
47.94,12.3992
47.96,12.2699
47.98,11.7324
48,11.0320
48.02,10.3609
48.04,9.0260
48.06,9.0539
48.08,10.1089
48.1,10.9193
48.12,11.1511
48.14,10.7827
48.16,9.0028
48.18,8.7642
48.2,5.3249
48.22,4.9626
48.24,3.7085
48.26,3.9921
48.28,4.4141
48.3,5.7900
48.32,5.5826
48.34,4.1956
48.36,2.0147
48.38,1.9103
48.4,1.9921
48.42,2.9603
48.44,5.3517
48.46,7.3890
48.48,8.0219
48.5,8.5466
48.52,8.8119
48.54,8.3502
48.56,6.7162
48.58,5.1356
48.6,3.9908
48.62,3.4485
48.64,3.1336
48.66,3.8327
48.68,4.4123
48.7,3.6829
48.72,3.1994
48.74,3.2525
48.76,3.7489
48.78,3.8661
48.8,3.7702
48.82,3.2832
48.84,2.9589
48.86,2.6143
48.88,2.6813
48.9,2.9117
48.92,3.3921
48.94,4.1598
48.96,5.2057
48.98,6.0105
49,7.6557
49.02,10.3235
49.04,13.2103
49.06,14.1989
49.08,13.8036
49.1,13.0452
49.12,12.6320
49.14,13.6477
49.16,15.4927
49.18,16.5054
49.2,17.4935
49.22,19.1180
49.24,20.3594
49.26,20.3139
49.28,20.6627
49.3,20.8516
49.32,20.8193
49.34,21.3634
49.36,21.6974
49.38,22.5923
49.4,22.4396
49.42,21.7473
49.44,20.5869
49.46,19.7715
49.48,19.9072
49.5,20.0677
49.52,20.3859
49.54,19.7456
49.56,19.1431
49.58,18.6131
49.6,18.5441
49.62,18.6677
49.64,18.6846
49.66,18.4704
49.68,18.0425
49.7,17.2342
49.72,16.2247
49.74,15.8182
49.76,16.0344
49.78,16.2383
49.8,16.4267
49.82,15.7590
49.84,15.4157
49.86,15.4265
49.88,15.5017
49.9,15.3030
49.92,14.9961
49.94,14.8455
49.96,15.1021
49.98,15.3653
50,15.3902
50.02,15.3352
50.04,15.2259
50.06,15.5306
50.08,15.7343
50.1,15.7390
50.12,16.5291
50.14,16.6096
50.16,16.4064
50.18,15.7063
50.2,15.4008
50.22,15.3173
50.24,15.0476
50.26,14.6889
50.28,15.1224
50.3,15.2833
50.32,15.4757
50.34,16.2664
50.36,0.0000
50.38,6.0077
50.4,7.8423
50.42,9.3252
50.44,11.1574
50.46,12.0688
50.48,12.6958
50.5,13.1648
50.52,13.6894
50.54,14.0379
50.56,14.8088
50.58,15.6544
50.6,16.0863
50.62,15.9757
50.64,16.0975
50.66,16.2922
50.68,16.3035
50.7,16.2660
50.72,16.3476
50.74,16.2167
50.76,15.5674
50.78,15.6646
50.8,15.6869
50.82,15.8826
50.84,15.6907
50.86,15.7525
50.88,15.9120
50.9,15.9816
50.92,16.2523
50.94,16.4718
50.96,16.9496
50.98,16.8371
51,17.1449
51.02,17.0147
51.04,16.9790
51.06,17.2191
51.08,17.1400
51.1,16.9768
51.12,16.9090
51.14,16.8182
51.16,16.8581
51.18,16.8838
51.2,16.7540
51.22,16.6642
51.24,16.7969
51.26,17.5698
51.28,18.2835
51.3,18.0182
51.32,17.3822
51.34,17.1179
51.36,17.2565
51.38,17.7485
51.4,17.3155
51.42,17.3438
51.44,17.0922
51.46,16.6890
51.48,16.9086
51.5,17.1823
51.52,17.3509
51.54,17.6599
51.56,17.8352
51.58,18.3550
51.6,18.3824
51.62,18.1851
51.64,18.1665
51.66,18.3773
51.68,18.2269
51.7,18.3803
51.72,18.7387
51.74,18.9333
51.76,18.7649
51.78,18.0432
51.8,17.5017
51.82,17.2928
51.84,17.2560
51.86,17.2403
51.88,17.7222
51.9,17.7228
51.92,17.6446
51.94,17.8510
51.96,18.0982
51.98,18.0000
52,18.6367
52.02,18.9659
52.04,18.9300
52.06,18.9092
52.08,19.0909
52.1,19.5268
52.12,19.6293
52.14,18.9678
52.16,18.3291
52.18,18.0905
52.2,18.4018
52.22,18.7883
52.24,18.5222
52.26,18.5646
52.28,18.6856
52.3,18.9534
52.32,18.5540
52.34,17.9536
52.36,16.8170
52.38,16.7944
52.4,15.9631
52.42,13.5884
52.44,10.9718
52.46,10.2156
52.48,11.1879
52.5,12.2916
52.52,13.7871
52.54,14.5213
52.56,15.7978
52.58,17.8619
52.6,18.8688
52.62,19.1737
52.64,18.8667
52.66,18.1629
52.68,18.1771
52.7,18.1200
52.72,18.0398
52.74,18.8744
52.76,19.0525
52.78,19.1733
52.8,18.8965
52.82,18.3743
52.84,18.8819
52.86,18.6319
52.88,19.4462
52.9,18.9725
52.92,18.3496
52.94,17.9438
52.96,16.6427
52.98,17.6006
53,17.5107
53.02,17.9686
53.04,17.8502
53.06,17.5463
53.08,17.0005
53.1,16.1173
53.12,16.0701
53.14,16.2207
53.16,16.5265
53.18,0.0000
53.2,8.6163
53.22,10.5182
53.24,12.1083
53.26,13.2593
53.28,14.2882
53.3,15.9289
53.32,17.0598
53.34,17.1046
53.36,16.7134
53.38,16.2766
53.4,16.4563
53.42,16.6352
53.44,17.0491
53.46,17.4686
53.48,17.0660
53.5,16.6424
53.52,15.9991
53.54,15.5897
53.56,15.5575
53.58,15.4028
53.6,15.2735
53.62,15.0131
53.64,15.1490
53.66,15.2140
53.68,15.2526
53.7,15.2776
53.72,15.2323
53.74,15.4128
53.76,15.5500
53.78,15.3949
53.8,15.0443
53.82,14.6507
53.84,14.3521
53.86,14.4159
53.88,14.6783
53.9,14.6748
53.92,14.9016
53.94,14.9384
53.96,15.0914
53.98,16.1882
54,16.3702
54.02,16.4965
54.04,16.3696
54.06,16.2682
54.08,16.3913
54.1,16.6798
54.12,16.7036
54.14,16.5407
54.16,15.8165
54.18,15.7692
54.2,15.5884
54.22,15.3305
54.24,15.0150
54.26,14.7267
54.28,15.0967
54.3,15.3073
54.32,15.4084
54.34,15.4260
54.36,15.5088
54.38,15.9754
54.4,16.4377
54.42,16.7869
54.44,16.8160
54.46,17.0189
54.48,17.1220
54.5,17.5209
54.52,18.1662
54.54,17.5255
54.56,16.5569
54.58,16.3967
54.6,15.9963
54.62,15.9420
54.64,15.9524
54.66,16.4347
54.68,16.2603
54.7,16.1838
54.72,16.0635
54.74,15.8870
54.76,16.2242
54.78,16.5626
54.8,17.4319
54.82,17.2552
54.84,16.4836
54.86,16.3760
54.88,16.0249
54.9,16.0364
54.92,16.7521
54.94,16.8498
54.96,17.2576
54.98,17.4071
55,17.5684
55.02,17.6913
55.04,17.1184
55.06,16.8058
55.08,16.4411
55.1,16.5459
55.12,16.6531
55.14,17.0942
55.16,17.1967
55.18,17.4763
55.2,17.3126
55.22,17.0501
55.24,17.3182
55.26,17.2049
55.28,17.5132
55.3,17.8761
55.32,17.9893
55.34,17.7357
55.36,17.7107
55.38,17.3804
55.4,17.1106
55.42,16.7044
55.44,16.0261
55.46,15.6544
55.48,15.1945
55.5,15.1387
55.52,15.1391
55.54,15.2267
55.56,15.3752
55.58,15.5341
55.6,15.8826
55.62,16.1344
55.64,16.6505
55.66,17.2252
55.68,17.4117
55.7,17.3378
55.72,16.9336
55.74,16.8341
55.76,16.6033
55.78,16.7322
55.8,16.7151
55.82,17.1532
55.84,17.1972
55.86,17.1784
55.88,17.0285
55.9,16.8056
55.92,16.4792
55.94,16.4986
55.96,16.4329
55.98,16.2747
56,0.0000
56.02,6.2655
56.04,9.0744
56.06,11.5121
56.08,13.3720
56.1,14.7413
56.12,15.8032
56.14,16.0049
56.16,15.8078
56.18,15.9158
56.2,16.2901
56.22,16.2980
56.24,16.4357
56.26,16.1230
56.28,15.8781
56.3,15.9547
56.32,15.8808
56.34,15.8984
56.36,15.5942
56.38,15.2902
56.4,14.9489
56.42,14.9392
56.44,14.9400
56.46,15.4531
56.48,15.9134
56.5,16.0573
56.52,16.2672
56.54,16.3588
56.56,16.7949
56.58,17.0875
56.6,17.2846
56.62,16.9028
56.64,16.3431
56.66,15.6455
56.68,15.2500
56.7,14.7174
56.72,14.7437
56.74,15.3392
56.76,15.9599
56.78,16.6909
56.8,17.1892
56.82,17.1045
56.84,16.9004
56.86,16.6939
56.88,16.5311
56.9,16.3854
56.92,16.1125
56.94,15.9059
56.96,15.7955
56.98,15.8033
57,15.8227
57.02,16.0536
57.04,16.5597
57.06,16.9120
57.08,17.0887
57.1,17.2674
57.12,17.0435
57.14,16.1854
57.16,15.6024
57.18,15.0391
57.2,14.9694
57.22,15.0458
57.24,15.2840
57.26,15.4579
57.28,15.3527
57.3,15.5173
57.32,15.8241
57.34,15.9213
57.36,16.0995
57.38,16.4818
57.4,16.6633
57.42,16.7087
57.44,16.4919
57.46,16.3047
57.48,16.3404
57.5,16.3682
57.52,16.1789
57.54,15.5230
57.56,14.6348
57.58,14.2459
57.6,13.9026
57.62,14.0528
57.64,14.5932
57.66,15.4153
57.68,16.0139
57.7,16.2840
57.72,16.5677
57.74,16.8555
57.76,16.9759
57.78,16.8317
57.8,16.7123
57.82,16.1770
57.84,15.7712
57.86,15.8019
57.88,16.1113
57.9,15.9836
57.92,15.9104
57.94,15.8870
57.96,15.9398
57.98,16.6354
58,16.8621
58.02,16.7193
58.04,16.9788
58.06,16.8897
58.08,17.3687
58.1,17.3030
58.12,16.9834
58.14,16.4423
58.16,16.5033
58.18,17.4373
58.2,17.5167
58.22,17.9675
58.24,17.9109
58.26,17.6875
58.28,18.0279
58.3,18.1045
58.32,18.4563
58.34,17.9543
58.36,17.4712
58.38,17.2579
58.4,17.3647
58.42,17.4422
58.44,17.9462
58.46,18.1528
58.48,18.2796
58.5,18.3705
58.52,18.7396
58.54,18.9351
58.56,18.7086
58.58,17.6040
58.6,17.6136
58.62,17.0020
58.64,16.4800
58.66,15.9946
58.68,15.7310
58.7,15.4232
58.72,15.2573
58.74,15.0900
58.76,15.3228
58.78,15.3645
58.8,15.8343
58.82,15.8362
58.84,0.0000
58.86,5.1828
58.88,7.4284
58.9,8.9719
58.92,10.7560
58.94,12.0395
58.96,13.3374
58.98,14.4526
59,14.6509
59.02,15.1789
59.04,15.7648
59.06,16.0452
59.08,16.2160
59.1,15.8004
59.12,15.4752
59.14,15.1841
59.16,15.2285
59.18,15.1783
59.2,15.1471
59.22,14.8170
59.24,14.7198
59.26,14.3921
59.28,14.3493
59.3,15.1155
59.32,15.3746
59.34,15.3619
59.36,15.4886
59.38,15.4322
59.4,15.2992
59.42,14.5431
59.44,14.2955
59.46,15.2985
59.48,16.9607
59.5,18.0126
59.52,17.6109
59.54,15.0639
59.56,12.7613
59.58,10.5424
59.6,9.2024
59.62,7.7292
59.64,7.0265
59.66,6.6685
59.68,7.1355
59.7,7.5577
59.72,7.9273
59.74,8.5763
59.76,8.5923
59.78,8.7264
59.8,8.4021
59.82,7.7850
59.84,7.3793
59.86,6.8832
59.88,6.6592
59.9,6.6992
59.92,6.7709
59.94,6.8145
59.96,6.7848
59.98,6.1451
60,6.0407
60.02,5.7813
60.04,5.6765
60.06,5.4859
60.08,5.5248
60.1,5.6410
60.12,5.3869
60.14,4.7626
60.16,4.6991
60.18,4.6308
60.2,4.7260
60.22,4.9537
60.24,4.8323
60.26,5.0072
60.28,5.3672
60.3,5.3398
60.32,5.0199
60.34,4.7776
60.36,4.7662
60.38,4.5917
60.4,4.2537
60.42,3.8566
60.44,4.0511
60.46,4.1056
60.48,4.2321
60.5,4.1864
60.52,3.9340
60.54,3.6452
60.56,3.5309
60.58,3.5991
60.6,3.6030
60.62,3.3853
60.64,3.6862
60.66,3.7281
60.68,4.0052
60.7,3.8245
60.72,3.4556
60.74,3.1784
60.76,3.3142
60.78,3.4153
60.8,3.5574
60.82,3.4835
60.84,3.4968
60.86,3.5687
60.88,3.4207
60.9,3.1531
60.92,3.1441
60.94,3.0842
60.96,2.9797
60.98,2.9600
61,2.8032
61.02,2.8813
61.04,2.9089
61.06,2.9754
61.08,2.9350
61.1,3.1943
61.12,3.2549
61.14,3.6659
61.16,3.6729
61.18,3.3402
61.2,3.3329
61.22,3.9070
61.24,4.1481
61.26,4.9132
61.28,5.2017
61.3,5.5260
61.32,5.7691
61.34,5.6680
61.36,5.4020
61.38,4.9611
61.4,4.5476
61.42,4.1393
61.44,4.1686
61.46,4.2470
61.48,4.1278
61.5,4.0700
61.52,4.1561
61.54,4.0916
61.56,3.7786
61.58,3.6182
61.6,3.5760
61.62,3.4528
61.64,3.3350
61.66,3.2278
61.68,0.0000
61.7,2.0478
61.72,2.1001
61.74,2.0403
61.76,2.3531
61.78,2.3989
61.8,2.5782
61.82,2.7411
61.84,3.1031
61.86,3.0792
61.88,2.9608
61.9,2.6935
61.92,2.8267
61.94,2.8878
61.96,3.0569
61.98,3.2488
62,3.3344
62.02,3.2267
62.04,2.8889
62.06,2.9015
62.08,2.8250
62.1,2.7573
62.12,2.5380
62.14,2.3943
62.16,2.8098
62.18,4.3103
62.2,7.1642
62.22,10.3333
62.24,10.7337
62.26,12.1908
62.28,12.9327
62.3,13.3129
62.32,10.0213
62.34,8.9510
62.36,6.9132
62.38,4.8845
62.4,3.9943
62.42,5.8662
62.44,5.9613
62.46,6.4639
62.48,6.4968
62.5,7.8476
62.52,9.0429
62.54,8.7801
62.56,7.9474
62.58,7.7253
62.6,9.9747
62.62,12.8068
62.64,15.4767
62.66,15.0974
62.68,11.6379
62.7,8.6067
62.72,7.3485
62.74,6.5955
62.76,7.5207
62.78,7.6845
62.8,7.1868
62.82,4.9964
62.84,3.5771
62.86,4.1053
62.88,6.3426
62.9,12.7669
62.92,13.3263
62.94,15.4906
62.96,15.5385
62.98,8.6426
63,7.4670
63.02,7.2092
63.04,6.7799
63.06,6.7519
63.08,6.7627
63.1,6.1573
63.12,6.1072
63.14,7.8588
63.16,8.3901
63.18,13.4826
63.2,14.9310
63.22,18.2784
63.24,19.8212
63.26,20.8111
63.28,21.6172
63.3,23.0033
63.32,24.4331
63.34,29.3638
63.36,31.0374
63.38,31.7042
63.4,30.1260
63.42,33.6679
63.44,41.0809
63.46,41.7205
63.48,42.7925
63.5,43.7406
63.52,43.4462
63.54,43.5075
63.56,42.5402
63.58,44.0659
63.6,46.0339
63.62,46.1776
63.64,45.7347
63.66,44.4795
63.68,45.9645
63.7,46.0010
63.72,40.0892
63.74,34.2719
63.76,34.0831
63.78,34.6141
63.8,33.0620
63.82,31.9836
63.84,30.7878
63.86,33.4407
63.88,33.8156
63.9,36.0524
63.92,36.3174
63.94,36.3656
63.96,38.0668
63.98,39.0689
64,38.4979
64.02,38.5955
64.04,38.9197
64.06,39.1856
64.08,40.9842
64.1,44.2280
64.12,45.6005
64.14,0.0000
64.16,9.0202
64.18,14.6850
64.2,19.3831
64.22,25.5771
64.24,27.8766
64.26,30.5244
64.28,30.9499
64.3,31.5866
64.32,33.8141
64.34,35.3423
64.36,35.7541
64.38,37.5189
64.4,38.3435
64.42,38.8354
64.44,39.0378
64.46,40.2986
64.48,42.2093
64.5,43.3253
64.52,43.6227
64.54,43.6099
64.56,43.6941
64.58,43.5500
64.6,43.1426
64.62,42.7818
64.64,43.3323
64.66,44.6062
64.68,45.8197
64.7,44.6709
64.72,44.0880
64.74,43.8829
64.76,42.1200
64.78,41.3975
64.8,36.1444
64.82,27.9797
64.84,26.8631
64.86,28.9264
64.88,24.0838
64.9,16.0986
64.92,13.9968
64.94,17.5153
64.96,21.8137
64.98,26.9014
65,30.8968
65.02,33.7417
65.04,33.7842
65.06,33.0866
65.08,35.6457
65.1,36.4323
65.12,38.5455
65.14,39.0974
65.16,40.1397
65.18,41.5208
65.2,40.7650
65.22,40.8306
65.24,42.9173
65.26,41.9761
65.28,40.3451
65.3,35.8915
65.32,34.7312
65.34,26.9176
65.36,26.4060
65.38,27.8737
65.4,30.9434
65.42,34.3500
65.44,35.9620
65.46,39.3217
65.48,41.1772
65.5,43.1671
65.52,44.5747
65.54,44.3327
65.56,42.5639
65.58,39.5711
65.6,38.6064
65.62,35.8855
65.64,34.7159
65.66,34.1004
65.68,34.8678
65.7,34.3171
65.72,33.0714
65.74,31.7166
65.76,30.9572
65.78,31.1909
65.8,31.2289
65.82,30.7833
65.84,30.8715
65.86,31.4812
65.88,32.6820
65.9,34.2599
65.92,35.2682
65.94,35.5182
65.96,36.5713
65.98,0.0000
66,6.3137
66.02,9.2322
66.04,12.0704
66.06,14.0331
66.08,16.4427
66.1,18.4410
66.12,19.8166
66.14,20.7398
66.16,22.7139
66.18,22.9444
66.2,22.0968
66.22,21.3649
66.24,20.2499
66.26,20.5525
66.28,20.9409
66.3,21.7837
66.32,22.5931
66.34,22.9294
66.36,23.0273
66.38,24.0846
66.4,24.8968
66.42,25.7660
66.44,26.7225
66.46,26.9329
66.48,27.7474
66.5,27.6549
66.52,26.2629
66.54,24.6408
66.56,23.2413
66.58,22.0053
66.6,23.6448
66.62,27.7597
66.64,28.0780
66.66,28.9418
66.68,29.3762
66.7,29.3721
66.72,28.8607
66.74,26.8786
66.76,26.6366
66.78,25.6686
66.8,25.5474
66.82,25.1214
66.84,25.3817
66.86,24.6958
66.88,19.9305
66.9,19.2683
66.92,17.3544
66.94,19.3607
66.96,23.6487
66.98,27.5140
67,29.1455
67.02,30.0104
67.04,30.3826
67.06,29.7348
67.08,30.3503
67.1,30.2304
67.12,29.9290
67.14,28.4172
67.16,25.4578
67.18,24.8889
67.2,21.2230
67.22,17.5379
67.24,15.3461
67.26,15.1436
67.28,16.4842
67.3,17.5736
67.32,18.6219
67.34,18.6540
67.36,17.0407
67.38,14.6798
67.4,9.9527
67.42,9.0009
67.44,7.5269
67.46,5.8034
67.48,5.1932
67.5,4.9485
67.52,4.9472
67.54,4.5007
67.56,4.1523
67.58,4.0169
67.6,4.0387
67.62,4.0282
67.64,4.3007
67.66,4.3339
67.68,4.6331
67.7,4.9950
67.72,5.1966
67.74,6.1398
67.76,6.9462
67.78,7.1726
67.8,7.9392
67.82,9.3915
67.84,15.4369
67.86,18.9740
67.88,20.6901
67.9,23.7385
67.92,26.7270
67.94,28.1667
67.96,29.4424
67.98,29.7907
68,30.1660
68.02,29.4736
68.04,29.2477
68.06,27.6830
68.08,26.2370
68.1,25.4187
68.12,25.2137
68.14,25.8002
68.16,25.9435
68.18,26.2503
68.2,25.9915
68.22,25.2039
68.24,25.0542
68.26,24.9979
68.28,23.5873
68.3,21.8414
68.32,22.2056
68.34,22.2391
68.36,21.2173
68.38,21.2916
68.4,21.2121
68.42,22.4219
68.44,23.2773
68.46,23.4310
68.48,24.9755
68.5,25.3024
68.52,25.1756
68.54,24.6683
68.56,23.7156
68.58,22.6807
68.6,21.9947
68.62,21.8392
68.64,20.8373
68.66,20.4302
68.68,18.0639
68.7,17.5936
68.72,17.4171
68.74,17.8146
68.76,19.5648
68.78,20.5111
68.8,0.0000
68.82,6.5739
68.84,9.3658
68.86,11.2792
68.88,13.2881
68.9,15.5563
68.92,16.8721
68.94,18.3322
68.96,19.1578
68.98,18.4578
69,17.1951
69.02,15.3577
69.04,13.7350
69.06,12.1247
69.08,10.8497
69.1,16.2760
69.12,22.3918
69.14,26.3616
69.16,29.9510
69.18,31.8044
69.2,33.9303
69.22,35.8322
69.24,35.9689
69.26,36.4838
69.28,37.1971
69.3,38.1040
69.32,38.6123
69.34,38.7975
69.36,39.1331
69.38,41.3010
69.4,43.8488
69.42,44.4304
69.44,44.9462
69.46,43.6789
69.48,44.2377
69.5,44.7819
69.52,46.2306
69.54,46.6979
69.56,45.9396
69.58,45.5025
69.6,44.6781
69.62,44.4350
69.64,44.7567
69.66,44.4205
69.68,42.6238
69.7,38.2464
69.72,29.8701
69.74,24.2911
69.76,22.7047
69.78,22.7496
69.8,22.0949
69.82,21.8497
69.84,22.4537
69.86,22.6084
69.88,21.7291
69.9,20.7083
69.92,20.5560
69.94,20.0807
69.96,19.7618
69.98,17.7944
70,15.0834
70.02,12.1092
70.04,10.5800
70.06,9.6152
70.08,10.2221
70.1,11.6303
70.12,12.7053
70.14,12.9363
70.16,11.8899
70.18,11.4988
70.2,13.9977
70.22,17.7478
70.24,21.0933
70.26,24.6472
70.28,26.7549
70.3,27.7937
70.32,29.1124
70.34,29.8835
70.36,29.8411
70.38,30.2594
70.4,28.9885
70.42,28.3393
70.44,27.0503
70.46,27.1555
70.48,26.6952
70.5,27.4514
70.52,27.6309
70.54,27.5816
70.56,28.4346
70.58,28.6683
70.6,29.2793
70.62,30.3707
70.64,31.4843
70.66,31.0515
70.68,29.4938
70.7,28.1329
70.72,27.9635
70.74,28.0444
70.76,28.7456
70.78,27.3783
70.8,21.4989
70.82,21.4144
70.84,21.9388
70.86,24.8120
70.88,27.7717
70.9,29.2551
70.92,28.4626
70.94,28.5107
70.96,29.4710
70.98,30.5356
71,32.1647
71.02,33.6923
71.04,34.7754
71.06,32.0344
71.08,31.0439
71.1,30.5246
71.12,30.6852
71.14,31.1500
71.16,30.8954
71.18,29.5875
71.2,27.9753
71.22,27.1361
71.24,26.1336
71.26,26.4829
71.28,26.6386
71.3,25.0695
71.32,24.1924
71.34,23.1140
71.36,22.1681
71.38,21.7569
71.4,21.6331
71.42,21.5368
71.44,21.6778
71.46,22.0795
71.48,22.2272
71.5,21.7073
71.52,21.2246
71.54,21.0624
71.56,21.1340
71.58,20.9551
71.6,21.1053
71.62,0.0000
71.64,5.5418
71.66,6.5916
71.68,7.3149
71.7,8.5333
71.72,11.0649
71.74,14.8171
71.76,17.7549
71.78,18.7749
71.8,18.7428
71.82,18.2939
71.84,17.6585
71.86,17.5063
71.88,18.9108
71.9,20.2514
71.92,20.5030
71.94,22.1804
71.96,22.7403
71.98,20.9778
72,17.8178
72.02,16.4967
72.04,16.6196
72.06,16.8954
72.08,16.4597
72.1,14.5298
72.12,11.9749
72.14,10.0559
72.16,8.7406
72.18,8.2809
72.2,10.7941
72.22,12.7759
72.24,14.5095
72.26,15.2916
72.28,15.6316
72.3,15.6543
72.32,15.7168
72.34,15.9624
72.36,16.4497
72.38,16.9423
72.4,18.2421
72.42,19.4114
72.44,19.6317
72.46,19.6107
72.48,19.2669
72.5,18.7468
72.52,18.5191
72.54,19.1567
72.56,19.4855
72.58,18.7312
72.6,16.8061
72.62,13.6597
72.64,12.1856
72.66,12.7607
72.68,14.8971
72.7,16.0240
72.72,15.9379
72.74,14.9807
72.76,13.5150
72.78,10.8835
72.8,8.6446
72.82,9.6410
72.84,12.5107
72.86,13.6251
72.88,14.2334
72.9,15.0604
72.92,15.8938
72.94,16.0861
72.96,15.4046
72.98,13.6953
73,9.8630
73.02,6.3853
73.04,4.8861
73.06,6.9753
73.08,8.9540
73.1,8.9765
73.12,7.7883
73.14,6.4373
73.16,4.9922
73.18,4.0163
73.2,3.9532
73.22,5.1228
73.24,6.5111
73.26,6.5321
73.28,5.5936
73.3,5.9816
73.32,8.8259
73.34,11.5627
73.36,12.1239
73.38,11.1672
73.4,8.9340
73.42,7.8446
73.44,8.1394
73.46,6.8857
73.48,4.7984
73.5,3.8241
73.52,3.8508
73.54,3.6895
73.56,4.9748
73.58,8.0154
73.6,9.7010
73.62,10.6901
73.64,11.3731
73.66,13.0198
73.68,14.5649
73.7,15.5001
73.72,14.9496
73.74,12.1913
73.76,9.1326
73.78,5.8308
73.8,3.7203
73.82,3.0991
73.84,2.6946
73.86,2.4700
73.88,2.6944
73.9,3.2968
73.92,3.5213
73.94,3.3673
73.96,3.0899
73.98,3.2366
74,3.3552
74.02,3.1603
74.04,3.0019
74.06,2.9613
74.08,2.9725
74.1,2.8025
74.12,2.7653
74.14,2.8006
74.16,2.8240
74.18,2.8479
74.2,3.0733
74.22,3.5005
74.24,3.5826
74.26,3.1822
74.28,3.0343
74.3,3.1176
74.32,3.1379
74.34,3.1504
74.36,3.0688
74.38,2.9450
74.4,2.8231
74.42,2.7977
74.44,2.7707
74.46,0.0000
74.48,1.5284
74.5,1.2519
74.52,1.2681
74.54,1.5803
74.56,1.7821
74.58,1.7209
74.6,1.7799
74.62,1.8935
74.64,2.1714
74.66,2.3586
74.68,2.5365
74.7,2.8388
74.72,2.8608
74.74,2.8826
74.76,2.6075
74.78,2.5602
74.8,2.6403
74.82,3.2389
74.84,3.4128
74.86,4.4178
74.88,3.1479
74.9,2.9748
74.92,2.7178
74.94,2.6466
74.96,2.6288
74.98,2.5446
75,2.6070
75.02,2.6915
75.04,2.7294
75.06,2.6884
75.08,2.3621
75.1,2.3520
75.12,2.3104
75.14,2.4148
75.16,2.5024
75.18,2.4117
75.2,2.3920
75.22,2.4292
75.24,2.4739
75.26,2.5019
75.28,2.5370
75.3,2.6387
75.32,2.6607
75.34,2.6576
75.36,2.5794
75.38,2.6251
75.4,2.6086
75.42,2.6120
75.44,2.6191
75.46,2.6099
75.48,2.6984
75.5,2.8803
75.52,2.8935
75.54,2.5343
75.56,2.5039
75.58,2.5523
75.6,2.6701
75.62,2.6615
75.64,2.6196
75.66,2.5310
75.68,2.5356
75.7,2.5818
75.72,2.7320
75.74,2.6837
75.76,2.6593
75.78,2.6349
75.8,2.6491
75.82,2.6864
75.84,2.7040
75.86,2.7009
75.88,2.7442
75.9,2.9306
75.92,2.8142
75.94,2.7905
75.96,2.6816
75.98,2.7321
76,2.7880
76.02,3.0404
76.04,2.9221
76.06,2.6861
76.08,2.6553
76.1,2.6780
76.12,2.7216
76.14,2.8079
76.16,2.8335
76.18,2.9819
76.2,2.6820
76.22,2.6573
76.24,2.6679
76.26,2.6280
76.28,2.6165
76.3,2.5898
76.32,2.6502
76.34,2.6961
76.36,2.8121
76.38,3.0494
76.4,3.1246
76.42,3.3003
76.44,3.1636
76.46,2.8991
76.48,2.6642
76.5,2.7012
76.52,2.7314
76.54,2.6441
76.56,2.5347
76.58,2.5691
76.6,2.7512
76.62,2.8782
76.64,2.7482
76.66,2.9283
76.68,3.0541
76.7,2.9843
76.72,2.7441
76.74,2.6006
76.76,2.5471
76.78,2.5287
76.8,2.5359
76.82,2.5698
76.84,2.6849
76.86,2.6200
76.88,2.5406
76.9,2.5028
76.92,2.4951
76.94,2.5007
76.96,2.4845
76.98,2.5195
77,2.5315
77.02,2.5412
77.04,2.6038
77.06,2.6046
77.08,2.5997
77.1,2.6523
77.12,2.6576
77.14,2.6665
77.16,2.7627
77.18,2.8381
77.2,2.8522
77.22,2.7923
77.24,2.7123
77.26,2.7250
77.28,2.7991
77.3,0.0000
77.32,2.4754
77.34,5.6119
77.36,9.5392
77.38,10.3282
77.4,7.7848
77.42,5.7342
77.44,4.5304
77.46,3.4954
77.48,3.4579
77.5,3.2633
77.52,3.0392
77.54,3.3048
77.56,3.0452
77.58,2.9886
77.6,2.5225
77.62,2.4356
77.64,2.2856
77.66,2.2321
77.68,2.3249
77.7,2.9163
77.72,4.9129
77.74,8.8001
77.76,14.4035
77.78,19.0514
77.8,21.5640
77.82,23.4934
77.84,25.8871
77.86,27.1751
77.88,27.5244
77.9,29.3771
77.92,30.5226
77.94,30.2157
77.96,29.5077
77.98,28.8785
78,27.9750
78.02,27.1971
78.04,26.7828
78.06,26.9707
78.08,28.7060
78.1,32.2675
78.12,32.4838
78.14,33.1486
78.16,33.4171
78.18,33.4116
78.2,33.7283
78.22,33.4546
78.24,33.9576
78.26,34.6005
78.28,34.3939
78.3,34.5836
78.32,33.9883
78.34,33.1654
78.36,32.1531
78.38,30.3840
78.4,28.0988
78.42,26.9356
78.44,27.9093
78.46,29.8038
78.48,31.2270
78.5,31.9252
78.52,33.0121
78.54,34.6783
78.56,35.6653
78.58,36.0158
78.6,35.0477
78.62,35.1245
78.64,35.3409
78.66,35.9266
78.68,35.3656
78.7,21.6664
78.72,10.8417
78.74,15.4941
78.76,22.2074
78.78,24.2506
78.8,25.7624
78.82,23.2746
78.84,22.7989
78.86,22.0900
78.88,24.8291
78.9,27.5013
78.92,28.1832
78.94,29.4006
78.96,30.6178
78.98,30.8096
79,28.3985
79.02,22.9212
79.04,16.2775
79.06,21.8734
79.08,24.7013
79.1,24.2467
79.12,18.5528
79.14,18.6974
79.16,21.1186
79.18,23.0936
79.2,24.0115
79.22,24.5076
79.24,26.6040
79.26,26.6203
79.28,26.5321
79.3,25.3318
79.32,25.5333
79.34,25.2933
79.36,23.6918
79.38,24.8655
79.4,27.0611
79.42,29.1563
79.44,29.4939
79.46,29.4539
79.48,29.2652
79.5,28.4228
79.52,28.4194
79.54,29.7018
79.56,31.4512
79.58,31.3388
79.6,31.9053
79.62,32.6545
79.64,34.6568
79.66,34.5109
79.68,34.2306
79.7,33.7919
79.72,33.1811
79.74,33.5417
79.76,33.1164
79.78,32.9728
79.8,31.6020
79.82,30.5274
79.84,29.5886
79.86,29.0350
79.88,29.8603
79.9,30.8570
79.92,30.9139
79.94,29.3921
79.96,27.0885
79.98,26.0696
80,25.0145
80.02,22.8919
80.04,20.6880
80.06,19.1880
80.08,18.7975
80.1,18.7511
80.12,0.0000
80.14,6.2186
80.16,8.5359
80.18,11.4160
80.2,14.0078
80.22,16.0512
80.24,17.4775
80.26,18.3521
80.28,18.8923
80.3,19.1494
80.32,19.4656
80.34,19.9565
80.36,20.1863
80.38,19.8622
80.4,19.0376
80.42,18.3498
80.44,17.9332
80.46,18.0759
80.48,18.5891
80.5,18.8147
80.52,17.1660
80.54,15.5324
80.56,14.1403
80.58,13.8233
80.6,14.1940
80.62,14.1653
80.64,13.9114
80.66,13.8693
80.68,14.0141
80.7,14.3331
80.72,14.5485
80.74,14.7146
80.76,14.6620
80.78,14.6751
80.8,14.6187
80.82,14.4779
80.84,14.4421
80.86,14.4828
80.88,14.5196
80.9,14.5987
80.92,14.7717
80.94,15.0583
80.96,15.3086
80.98,15.5992
81,16.0366
81.02,16.3919
81.04,16.7094
81.06,17.0003
81.08,17.4153
81.1,18.2072
81.12,18.8977
81.14,19.3137
81.16,19.5014
81.18,19.4943
81.2,19.2812
81.22,19.1868
81.24,18.9697
81.26,18.7057
81.28,18.4230
81.3,18.1778
81.32,18.1873
81.34,18.5067
81.36,19.0586
81.38,19.5011
81.4,19.2461
81.42,16.7775
81.44,16.3916
81.46,17.3384
81.48,18.8638
81.5,18.7089
81.52,17.3806
81.54,16.6423
81.56,16.1664
81.58,15.6263
81.6,15.1949
81.62,15.1504
81.64,15.1423
81.66,15.0655
81.68,14.8521
81.7,14.8976
81.72,14.6332
81.74,14.3942
81.76,14.2365
81.78,14.0259
81.8,13.8932
81.82,13.7821
81.84,14.0059
81.86,14.1556
81.88,14.2479
81.9,14.3118
81.92,14.2627
81.94,14.2873
81.96,14.4432
81.98,14.5003
82,14.4618
82.02,14.7467
82.04,14.9280
82.06,14.9601
82.08,15.0654
82.1,14.9001
82.12,14.7954
82.14,14.6270
82.16,14.4228
82.18,14.5547
82.2,14.9077
82.22,15.2982
82.24,15.6947
82.26,15.9587
82.28,16.2245
82.3,16.7049
82.32,17.0472
82.34,17.7319
82.36,18.3617
82.38,18.5992
82.4,18.8542
82.42,18.9759
82.44,18.9929
82.46,18.9695
82.48,19.0880
82.5,19.0017
82.52,18.7719
82.54,18.7063
82.56,18.7893
82.58,19.3902
82.6,20.1173
82.62,20.9008
82.64,21.2870
82.66,19.8839
82.68,15.0384
82.7,11.6416
82.72,10.6987
82.74,13.5118
82.76,15.6890
82.78,16.9241
82.8,17.5795
82.82,18.5387
82.84,19.9653
82.86,20.7719
82.88,21.5280
82.9,21.0112
82.92,20.1643
82.94,19.5424
82.96,0.0000
82.98,6.4182
83,9.5404
83.02,12.1153
83.04,14.2225
83.06,15.4182
83.08,15.8157
83.1,16.3237
83.12,16.9138
83.14,17.5637
83.16,18.0826
83.18,18.7920
83.2,19.6607
83.22,20.4789
83.24,20.9263
83.26,20.9132
83.28,20.0232
83.3,18.9613
83.32,17.3455
83.34,15.6270
83.36,15.7400
83.38,18.0007
83.4,21.6636
83.42,23.4783
83.44,23.9376
83.46,24.1659
83.48,24.1732
83.5,23.0120
83.52,22.7041
83.54,22.5838
83.56,22.2057
83.58,21.6604
83.6,20.9889
83.62,19.4308
83.64,19.3147
83.66,18.1750
83.68,17.3996
83.7,17.3995
83.72,16.4482
83.74,11.8947
83.76,7.8532
83.78,5.7210
83.8,10.4057
83.82,16.8211
83.84,19.0790
83.86,19.4508
83.88,18.2570
83.9,18.1403
83.92,17.9430
83.94,18.2835
83.96,18.4844
83.98,18.2730
84,16.3399
84.02,12.9933
84.04,11.3634
84.06,13.0255
84.08,15.7772
84.1,16.1480
84.12,12.3356
84.14,8.3378
84.16,6.0528
84.18,6.4683
84.2,6.3427
84.22,4.8030
84.24,3.9012
84.26,4.5511
84.28,7.4284
84.3,10.3502
84.32,11.6239
84.34,12.1823
84.36,12.4797
84.38,13.5086
84.4,14.5958
84.42,15.1038
84.44,15.0616
84.46,14.4633
84.48,13.2027
84.5,12.3276
84.52,12.5394
84.54,11.4225
84.56,9.7823
84.58,8.3902
84.6,7.6161
84.62,7.2082
84.64,6.6852
84.66,6.4569
84.68,5.8431
84.7,7.7678
84.72,10.1542
84.74,11.1246
84.76,8.9284
84.78,6.8856
84.8,5.7209
84.82,4.7153
84.84,4.7961
84.86,8.9932
84.88,9.3459
84.9,9.4185
84.92,6.9312
84.94,5.5217
84.96,5.6016
84.98,5.5527
85,4.9914
85.02,4.7569
85.04,4.8272
85.06,4.5170
85.08,4.6461
85.1,4.4944
85.12,3.9228
85.14,4.0859
85.16,4.5442
85.18,4.3273
85.2,4.2735
85.22,4.1943
85.24,4.1120
85.26,3.8472
85.28,3.7804
85.3,3.6363
85.32,3.5401
85.34,3.5928
85.36,4.0980
85.38,5.3975
85.4,6.0764
85.42,5.9396
85.44,4.8197
85.46,3.9489
85.48,3.3208
85.5,3.0543
85.52,3.0252
85.54,3.2715
85.56,3.4513
85.58,3.4946
85.6,3.0272
85.62,2.9785
85.64,2.8442
85.66,3.2404
85.68,4.0190
85.7,4.0048
85.72,3.6888
85.74,3.7038
85.76,3.6312
85.78,3.5903
85.8,0.0000
85.82,4.5549
85.84,7.2398
85.86,6.9649
85.88,5.0986
85.9,4.5743
85.92,7.2773
85.94,20.3306
85.96,21.6692
85.98,26.1658
86,27.6515
86.02,27.5125
86.04,24.9648
86.06,24.3034
86.08,17.5852
86.1,16.7752
86.12,13.9882
86.14,12.3026
86.16,10.5266
86.18,9.8532
86.2,7.8118
86.22,7.6526
86.24,6.5704
86.26,8.5385
86.28,9.4830
86.3,15.3719
86.32,18.2099
86.34,17.6048
86.36,17.2401
86.38,15.5898
86.4,15.1393
86.42,11.7474
86.44,11.3373
86.46,9.8232
86.48,7.1986
86.5,6.5311
86.52,6.2667
86.54,9.3542
86.56,10.5866
86.58,13.7541
86.6,15.1257
86.62,16.4181
86.64,19.3362
86.66,21.6105
86.68,21.1391
86.7,20.6736
86.72,19.6757
86.74,19.1071
86.76,18.3836
86.78,18.5105
86.8,19.2167
86.82,17.5927
86.84,17.5452
86.86,20.6200
86.88,22.0516
86.9,23.2559
86.92,25.6060
86.94,25.9844
86.96,28.6055
86.98,28.8573
87,29.2503
87.02,26.4119
87.04,20.3916
87.06,19.3732
87.08,14.3581
87.1,13.0846
87.12,12.9096
87.14,9.5376
87.16,9.1034
87.18,7.9393
87.2,6.4661
87.22,5.1902
87.24,5.2640
87.26,5.8435
87.28,6.0284
87.3,7.3916
87.32,7.6329
87.34,7.3644
87.36,6.3349
87.38,6.0909
87.4,8.3052
87.42,13.7587
87.44,14.4168
87.46,16.9423
87.48,18.1801
87.5,16.8021
87.52,14.5171
87.54,11.0948
87.56,6.1624
87.58,6.4382
87.6,8.6179
87.62,9.1241
87.64,12.3925
87.66,15.3713
87.68,17.1148
87.7,18.4449
87.72,19.3891
87.74,19.7854
87.76,20.0306
87.78,20.4321
87.8,20.7715
87.82,20.7713
87.84,20.7603
87.86,20.9473
87.88,21.2102
87.9,21.2019
87.92,20.8757
87.94,20.7689
87.96,20.8427
87.98,21.1025
88,21.2329
88.02,21.2586
88.04,20.6347
88.06,20.6802
88.08,20.8775
88.1,20.8499
88.12,21.4163
88.14,21.1386
88.16,20.7985
88.18,20.3453
88.2,20.4131
88.22,20.5988
88.24,18.6904
88.26,18.4985
88.28,18.7814
88.3,18.8878
88.32,20.7716
88.34,21.1541
88.36,22.2493
88.38,23.0484
88.4,22.7771
88.42,21.4931
88.44,21.5301
88.46,22.1795
88.48,22.3725
88.5,22.8966
88.52,22.8792
88.54,22.2486
88.56,22.1761
88.58,22.2975
88.6,22.2316
88.62,21.7306
88.64,0.0000
88.66,10.4296
88.68,12.1855
88.7,14.2353
88.72,15.4699
88.74,16.4399
88.76,17.1917
88.78,17.6952
88.8,17.7766
88.82,17.7680
88.84,17.8275
88.86,17.8661
88.88,18.1152
88.9,18.2780
88.92,18.0989
88.94,17.9779
88.96,18.5375
88.98,19.3787
89,20.2609
89.02,20.7976
89.04,20.4782
89.06,20.1614
89.08,19.5891
89.1,19.2964
89.12,18.6473
89.14,18.0017
89.16,17.8109
89.18,17.4061
89.2,17.0570
89.22,16.3746
89.24,15.9324
89.26,16.0930
89.28,16.8603
89.3,17.5224
89.32,17.9211
89.34,18.1390
89.36,18.2411
89.38,18.7275
89.4,19.3631
89.42,19.9280
89.44,20.3002
89.46,21.2575
89.48,22.2583
89.5,22.8606
89.52,22.6682
89.54,22.7562
89.56,23.2088
89.58,23.4740
89.6,23.9861
89.62,24.1987
89.64,23.9219
89.66,23.8041
89.68,23.1194
89.7,22.1982
89.72,21.3965
89.74,20.9316
89.76,20.9686
89.78,21.5129
89.8,21.9690
89.82,22.2690
89.84,22.3685
89.86,22.2367
89.88,22.1997
89.9,21.8307
89.92,21.3425
89.94,21.0802
89.96,21.3774
89.98,22.0595
90,22.0276
90.02,21.7972
90.04,22.2133
90.06,22.5408
90.08,22.9631
90.1,23.9822
90.12,24.2743
90.14,25.2762
90.16,25.8175
90.18,25.7152
90.2,25.3533
90.22,24.3773
90.24,24.0567
90.26,24.6105
90.28,24.9085
90.3,24.9761
90.32,24.3887
90.34,23.1843
90.36,21.8050
90.38,21.1219
90.4,21.5659
90.42,22.1541
90.44,21.7047
90.46,21.7026
90.48,21.7841
90.5,22.6055
90.52,23.4290
90.54,23.7924
90.56,23.6481
90.58,23.4235
90.6,23.4440
90.62,23.6841
90.64,23.7717
90.66,23.7330
90.68,23.2929
90.7,22.6962
90.72,21.9627
90.74,20.7504
90.76,20.3366
90.78,20.1129
90.8,18.6607
90.82,15.8272
90.84,13.0410
90.86,12.7873
90.88,13.8440
90.9,15.9045
90.92,17.4301
90.94,18.7176
90.96,19.3890
90.98,18.8065
91,14.6143
91.02,9.1893
91.04,6.5474
91.06,9.2280
91.08,12.1783
91.1,13.1717
91.12,14.5214
91.14,16.2074
91.16,17.0674
91.18,17.8380
91.2,18.0392
91.22,17.5751
91.24,15.9977
91.26,13.6070
91.28,12.7090
91.3,10.5173
91.32,11.9528
91.34,15.1254
91.36,18.1980
91.38,20.9124
91.4,22.2274
91.42,22.7453
91.44,23.0919
91.46,0.0000
91.48,6.1226
91.5,8.0695
91.52,12.6971
91.54,13.2859
91.56,15.6070
91.58,16.9474
91.6,15.5399
91.62,15.2005
91.64,13.1359
91.66,12.5290
91.68,14.5577
91.7,17.2425
91.72,19.2019
91.74,19.6285
91.76,20.1269
91.78,20.7236
91.8,20.4169
91.82,18.6388
91.84,18.0907
91.86,17.1832
91.88,16.0755
91.9,15.8361
91.92,15.3383
91.94,15.0905
91.96,10.5490
91.98,10.2515
92,8.0618
92.02,7.8088
92.04,11.5818
92.06,14.9990
92.08,20.1483
92.1,20.2943
92.12,19.3974
92.14,19.2671
92.16,18.1739
92.18,16.8638
92.2,14.8559
92.22,14.0252
92.24,14.0490
92.26,13.9690
92.28,14.1923
92.3,15.2002
92.32,16.7662
92.34,17.9174
92.36,18.1156
92.38,18.0631
92.4,17.8774
92.42,17.3614
92.44,17.9279
92.46,19.3597
92.48,19.2428
92.5,18.0813
92.52,16.1686
92.54,13.3512
92.56,14.1917
92.58,15.3767
92.6,15.6451
92.62,16.1764
92.64,15.4852
92.66,14.3458
92.68,12.2188
92.7,13.0219
92.72,14.4447
92.74,15.2495
92.76,12.1256
92.78,11.0969
92.8,8.9716
92.82,8.7431
92.84,8.8705
92.86,9.5655
92.88,10.5978
92.9,9.9748
92.92,9.2647
92.94,7.6842
92.96,7.7301
92.98,10.0296
93,10.7044
93.02,13.4084
93.04,13.9187
93.06,15.6154
93.08,19.2897
93.1,21.2952
93.12,23.2176
93.14,23.9093
93.16,22.3637
93.18,21.3224
93.2,18.4095
93.22,14.0768
93.24,13.1588
93.26,12.2856
93.28,11.6660
93.3,11.8695
93.32,13.5348
93.34,15.1119
93.36,16.1055
93.38,16.2118
93.4,17.2859
93.42,19.1500
93.44,20.3589
93.46,21.9007
93.48,23.7388
93.5,24.4234
93.52,23.0558
93.54,17.0478
93.56,9.0608
93.58,5.8078
93.6,3.5950
93.62,3.4737
93.64,3.2676
93.66,3.2349
93.68,3.1607
93.7,2.9011
93.72,2.8993
93.74,2.8933
93.76,2.6925
93.78,3.3560
93.8,4.3164
93.82,6.6848
93.84,7.8325
93.86,6.9264
93.88,6.3324
93.9,5.1261
93.92,5.7902
93.94,7.6707
93.96,8.0969
93.98,11.0152
94,15.1777
94.02,20.4966
94.04,24.7666
94.06,27.4159
94.08,27.3463
94.1,28.4504
94.12,30.3865
94.14,30.0601
94.16,27.7296
94.18,21.5409
94.2,20.4403
94.22,17.1122
94.24,10.7228
94.26,4.6051
94.28,0.0000
94.3,2.9000
94.32,3.2572
94.34,3.7232
94.36,4.0615
94.38,4.9518
94.4,5.0277
94.42,5.4889
94.44,6.3864
94.46,12.9900
94.48,19.0039
94.5,24.0782
94.52,27.0100
94.54,28.3721
94.56,28.3228
94.58,25.6850
94.6,16.8035
94.62,10.1885
94.64,7.4466
94.66,5.1137
94.68,4.6334
94.7,4.3276
94.72,4.4648
94.74,6.7654
94.76,8.5363
94.78,8.5330
94.8,6.8358
94.82,4.6057
94.84,4.1083
94.86,4.1884
94.88,4.7241
94.9,7.8240
94.92,11.7441
94.94,15.6251
94.96,18.9964
94.98,20.4087
95,20.7612
95.02,19.0358
95.04,11.9873
95.06,6.3317
95.08,6.5949
95.1,8.9319
95.12,9.7012
95.14,8.7007
95.16,7.3437
95.18,9.7462
95.2,15.1830
95.22,18.2442
95.24,18.0180
95.26,13.0119
95.28,8.8453
95.3,6.2029
95.32,6.4111
95.34,6.1929
95.36,5.6677
95.38,7.1160
95.4,8.8771
95.42,9.3424
95.44,8.8763
95.46,7.9522
95.48,6.3036
95.5,5.4049
95.52,5.1380
95.54,6.0704
95.56,6.7441
95.58,7.1946
95.6,7.0601
95.62,6.9794
95.64,9.1732
95.66,9.9566
95.68,9.1543
95.7,5.9669
95.72,5.7097
95.74,9.6212
95.76,16.5665
95.78,20.5359
95.8,21.6054
95.82,24.5509
95.84,26.4002
95.86,28.9516
95.88,30.0451
95.9,29.7688
95.92,29.1906
95.94,27.0239
95.96,21.9711
95.98,24.9386
96,24.4074
96.02,20.5101
96.04,11.3654
96.06,12.0943
96.08,16.1504
96.1,22.1474
96.12,25.6575
96.14,26.4286
96.16,27.0653
96.18,28.6924
96.2,30.0652
96.22,32.6907
96.24,36.0328
96.26,37.1085
96.28,37.8427
96.3,36.6584
96.32,36.6216
96.34,37.5355
96.36,38.9077
96.38,38.2768
96.4,37.0735
96.42,37.0316
96.44,38.1431
96.46,40.4235
96.48,41.8399
96.5,41.9350
96.52,39.6237
96.54,40.0312
96.56,41.0655
96.58,42.4503
96.6,40.6287
96.62,38.6933
96.64,38.1427
96.66,38.7643
96.68,40.3758
96.7,37.7829
96.72,28.1054
96.74,23.5931
96.76,28.6322
96.78,28.9493
96.8,28.6855
96.82,30.3929
96.84,32.0921
96.86,29.5410
96.88,24.4564
96.9,14.0995
96.92,17.3816
96.94,21.0330
96.96,29.7191
96.98,32.1320
97,30.5080
97.02,30.8388
97.04,32.7704
97.06,0.0000
97.08,4.1984
97.1,9.5434
97.12,12.8966
97.14,12.3584
97.16,10.1575
97.18,10.2761
97.2,13.6498
97.22,17.7102
97.24,18.5840
97.26,22.4733
97.28,25.8648
97.3,31.8219
97.32,37.7385
97.34,38.3782
97.36,34.0434
97.38,31.6481
97.4,23.0945
97.42,14.7501
97.44,11.3962
97.46,12.2079
97.48,15.9159
97.5,23.3930
97.52,27.6703
97.54,30.8858
97.56,34.1613
97.58,36.4384
97.6,39.7972
97.62,42.0023
97.64,41.9808
97.66,41.3319
97.68,41.9278
97.7,42.6555
97.72,43.5372
97.74,45.0566
97.76,45.5452
97.78,47.7210
97.8,48.1372
97.82,50.0031
97.84,50.2500
97.86,49.9618
97.88,47.8615
97.9,37.9302
97.92,15.2106
97.94,15.2255
97.96,15.7859
97.98,17.7114
98,19.2158
98.02,20.3037
98.04,25.7573
98.06,26.6681
98.08,27.3915
98.1,28.3471
98.12,29.5266
98.14,29.6955
98.16,29.7000
98.18,31.2710
98.2,31.9868
98.22,34.3676
98.24,36.7884
98.26,40.5425
98.28,40.8471
98.3,40.4394
98.32,45.5326
98.34,46.2756
98.36,48.0996
98.38,49.1341
98.4,47.5830
98.42,49.1564
98.44,55.5188
98.46,55.7177
98.48,55.3934
98.5,0.0000
98.52,5.4407
98.54,7.1309
98.56,7.8368
98.58,9.8508
98.6,17.9668
98.62,24.0629
98.64,23.6140
98.66,17.4930
98.68,13.8913
98.7,10.6170
98.72,7.3204
98.74,5.4525
98.76,4.9557
98.78,9.2077
98.8,14.8583
98.82,21.6696
98.84,26.8854
98.86,36.7481
98.88,38.0464
98.9,42.5031
98.92,44.2918
98.94,44.4453
98.96,44.9007
98.98,45.8235
99,47.5708
99.02,50.6494
99.04,51.6349
99.06,51.6761
99.08,50.8891
99.1,51.1802
99.12,52.9736
99.14,53.2381
99.16,53.2235
99.18,54.0682
99.2,51.5615
99.22,53.0270
99.24,54.6442
99.26,57.6884
99.28,58.8015
99.3,59.6240
99.32,58.0293
